SessionID,VendorID,LocationID,EVSEID,PortID,EVSEModelNbr,EVSENbrOfPorts,SessionStartDateTime,SessionEndDateTime,SessionConnectionTime,Duration_StateC,SessionKWH,SessionMaxDemandKW,SessionAverageDemandKWH,SessionSaleAmount,VehicleMake,VehicleModel,UserID,DREventCalled,DREventParticipated
43139,SCE_AVT_1302,CRP-2016-0042,SCE_AVT_1302-1035,SCE_AVT_1302-1035-P1,19356-32A-025,1,8/01/2019 6:32:09 PM,8/01/2019 8:39:50 PM,7661,7653,13.386,6.454,6.297,$0.00,--,--,--,NA,NA
43155,SCE_AVT_1302,CRP-2016-0042,SCE_AVT_1302-1035,SCE_AVT_1302-1035-P1,19356-32A-025,1,8/02/2019 1:39:43 AM,8/02/2019 5:16:29 PM,56206,56198,6.165,6.114,0.395,$0.00,--,--,--,NA,NA
43368,SCE_AVT_1302,CRP-2016-0042,SCE_AVT_1302-1035,SCE_AVT_1302-1035-P1,19356-32A-025,1,8/02/2019 5:40:47 PM,8/02/2019 5:48:59 PM,492,484,0.296,2.338,2.202,$0.00,--,--,--,NA,NA
43370,SCE_AVT_1302,CRP-2016-0042,SCE_AVT_1302-1035,SCE_AVT_1302-1035-P1,19356-32A-025,1,8/02/2019 5:54:30 PM,8/02/2019 8:05:36 PM,7866,7858,13.907,6.545,6.371,$0.00,--,--,--,NA,NA
43381,SCE_AVT_1302,CRP-2016-0042,SCE_AVT_1302-1035,SCE_AVT_1302-1035-P1,19356-32A-025,1,8/02/2019 8:09:01 PM,8/02/2019 8:45:16 PM,2175,2167,1.343,2.353,2.231,$0.00,--,--,--,NA,NA
43398,SCE_AVT_1302,CRP-2016-0042,SCE_AVT_1302-1035,SCE_AVT_1302-1035-P1,19356-32A-025,1,8/03/2019 8:15:32 AM,8/03/2019 9:56:45 AM,6073,6065,5.377,3.303,3.192,$0.00,--,--,--,NA,NA
43404,SCE_AVT_1302,CRP-2016-0042,SCE_AVT_1302-1035,SCE_AVT_1302-1035-P1,19356-32A-025,1,8/03/2019 10:05:25 AM,8/03/2019 11:12:17 AM,4012,4004,7.185,6.644,6.46,$0.00,--,--,--,NA,NA
43410,SCE_AVT_1302,CRP-2016-0042,SCE_AVT_1302-1035,SCE_AVT_1302-1035-P1,19356-32A-025,1,8/03/2019 11:23:54 AM,8/03/2019 12:23:36 PM,3582,3574,6.373,6.652,6.419,$0.00,--,--,--,NA,NA
43416,SCE_AVT_1302,CRP-2016-0042,SCE_AVT_1302-1035,SCE_AVT_1302-1035-P1,19356-32A-025,1,8/03/2019 1:14:07 PM,8/03/2019 1:46:14 PM,1927,1919,3.092,5.959,5.801,$0.00,--,--,--,NA,NA
43436,SCE_AVT_1302,CRP-2016-0042,SCE_AVT_1302-1035,SCE_AVT_1302-1035-P1,19356-32A-025,1,8/04/2019 12:14:26 AM,8/04/2019 2:28:14 AM,8028,8020,8.324,3.809,3.736,$0.00,--,--,--,NA,NA
43446,SCE_AVT_1302,CRP-2016-0042,SCE_AVT_1302-1035,SCE_AVT_1302-1035-P1,19356-32A-025,1,8/04/2019 11:17:04 AM,8/04/2019 11:55:29 AM,2305,2297,4.034,6.559,6.322,$0.00,--,--,--,NA,NA
43460,SCE_AVT_1302,CRP-2016-0042,SCE_AVT_1302-1035,SCE_AVT_1302-1035-P1,19356-32A-025,1,8/04/2019 3:22:22 PM,8/04/2019 6:22:00 PM,10778,10770,18.872,6.475,6.308,$0.00,--,--,--,NA,NA
43469,SCE_AVT_1302,CRP-2016-0042,SCE_AVT_1302-1035,SCE_AVT_1302-1035-P1,19356-32A-025,1,8/04/2019 7:18:37 PM,8/04/2019 9:13:53 PM,6916,6908,10.958,5.939,5.711,$0.00,--,--,--,NA,NA
43645,SCE_AVT_1302,CRP-2016-0042,SCE_AVT_1302-1035,SCE_AVT_1302-1035-P1,19356-32A-025,1,8/05/2019 7:12:46 PM,8/05/2019 7:52:38 PM,2392,2384,4.149,6.409,6.265,$0.00,--,--,--,NA,NA
43828,SCE_AVT_1302,CRP-2016-0042,SCE_AVT_1302-1035,SCE_AVT_1302-1035-P1,19356-32A-025,1,8/06/2019 6:32:57 PM,8/06/2019 9:03:09 PM,9012,9004,4.403,3.32,1.76,$0.00,--,--,--,NA,NA
44201,SCE_AVT_1302,CRP-2016-0042,SCE_AVT_1302-1035,SCE_AVT_1302-1035-P1,19356-32A-025,1,8/09/2019 6:15:49 AM,8/09/2019 7:31:40 AM,4551,4543,7.324,5.961,5.804,$0.00,--,--,--,NA,NA
44301,SCE_AVT_1302,CRP-2016-0042,SCE_AVT_1302-1035,SCE_AVT_1302-1035-P1,19356-32A-025,1,8/09/2019 9:51:14 AM,8/09/2019 3:45:50 PM,21276,21268,32.483,6.622,5.498,$0.00,--,--,--,NA,NA
44376,SCE_AVT_1302,CRP-2016-0042,SCE_AVT_1302-1035,SCE_AVT_1302-1035-P1,19356-32A-025,1,8/09/2019 7:49:14 PM,8/09/2019 8:38:37 PM,2963,2955,2.665,3.313,3.247,$0.00,--,--,--,NA,NA
44378,SCE_AVT_1302,CRP-2016-0042,SCE_AVT_1302-1035,SCE_AVT_1302-1035-P1,19356-32A-025,1,8/09/2019 9:11:08 PM,8/09/2019 11:12:38 PM,7290,7282,6.052,3.354,2.992,$0.00,--,--,--,NA,NA
44384,SCE_AVT_1302,CRP-2016-0042,SCE_AVT_1302-1035,SCE_AVT_1302-1035-P1,19356-32A-025,1,8/10/2019 7:51:53 AM,8/10/2019 9:37:14 AM,6321,6313,11.054,6.434,6.304,$0.00,--,--,--,NA,NA
44390,SCE_AVT_1302,CRP-2016-0042,SCE_AVT_1302-1035,SCE_AVT_1302-1035-P1,19356-32A-025,1,8/10/2019 9:40:15 AM,8/10/2019 10:24:31 AM,2656,2648,1.641,2.381,2.231,$0.00,--,--,--,NA,NA
44409,SCE_AVT_1302,CRP-2016-0042,SCE_AVT_1302-1035,SCE_AVT_1302-1035-P1,19356-32A-025,1,8/10/2019 3:44:46 PM,8/10/2019 5:34:31 PM,6585,6577,1.094,2.299,0.599,$0.00,--,--,--,NA,NA
44416,SCE_AVT_1302,CRP-2016-0042,SCE_AVT_1302-1035,SCE_AVT_1302-1035-P1,19356-32A-025,1,8/10/2019 5:54:45 PM,8/10/2019 7:29:31 PM,5686,5678,0.66,2.995,0.418,$0.00,--,--,--,NA,NA
44424,SCE_AVT_1302,CRP-2016-0042,SCE_AVT_1302-1035,SCE_AVT_1302-1035-P1,19356-32A-025,1,8/11/2019 7:15:45 AM,8/11/2019 8:47:50 AM,5525,5517,7.768,6.074,5.069,$0.00,--,--,--,NA,NA
44442,SCE_AVT_1302,CRP-2016-0042,SCE_AVT_1302-1035,SCE_AVT_1302-1035-P1,19356-32A-025,1,8/11/2019 2:46:46 PM,8/11/2019 3:43:50 PM,3424,3416,5.518,5.991,5.815,$0.00,--,--,--,NA,NA
44845,SCE_AVT_1302,CRP-2016-0042,SCE_AVT_1302-1035,SCE_AVT_1302-1035-P1,19356-32A-025,1,8/13/2019 5:33:22 PM,8/13/2019 6:20:51 PM,2849,2841,4.962,6.42,6.288,$0.00,--,--,--,NA,NA
45027,SCE_AVT_1302,CRP-2016-0042,SCE_AVT_1302-1035,SCE_AVT_1302-1035-P1,19356-32A-025,1,8/14/2019 6:53:37 PM,8/14/2019 9:05:10 PM,7893,7889,7.182,3.348,3.277,$0.00,--,--,--,NA,NA
45205,SCE_AVT_1302,CRP-2016-0042,SCE_AVT_1302-1035,SCE_AVT_1302-1035-P1,19356-32A-025,1,8/15/2019 5:59:53 PM,8/15/2019 6:59:39 PM,3586,3578,5.414,6.191,5.447,$0.00,--,--,--,NA,NA
45212,SCE_AVT_1302,CRP-2016-0042,SCE_AVT_1302-1035,SCE_AVT_1302-1035-P1,19356-32A-025,1,8/15/2019 7:03:23 PM,8/15/2019 9:09:25 PM,7562,7554,13.206,6.432,6.294,$0.00,--,--,--,NA,NA
45237,SCE_AVT_1302,CRP-2016-0042,SCE_AVT_1302-1035,SCE_AVT_1302-1035-P1,19356-32A-025,1,8/16/2019 6:13:46 AM,8/16/2019 7:35:52 AM,4926,4918,6.809,6.04,4.984,$0.00,--,--,--,NA,NA
45303,SCE_AVT_1302,CRP-2016-0042,SCE_AVT_1302-1035,SCE_AVT_1302-1035-P1,19356-32A-025,1,8/16/2019 8:43:15 AM,8/16/2019 10:16:11 AM,5576,5568,9.551,6.323,6.175,$0.00,--,--,--,NA,NA
45353,SCE_AVT_1302,CRP-2016-0042,SCE_AVT_1302-1035,SCE_AVT_1302-1035-P1,19356-32A-025,1,8/16/2019 12:16:46 PM,8/16/2019 12:37:59 PM,1273,1265,1.123,3.317,3.196,$0.00,--,--,--,NA,NA
45421,SCE_AVT_1302,CRP-2016-0042,SCE_AVT_1302-1035,SCE_AVT_1302-1035-P1,19356-32A-025,1,8/17/2019 5:29:21 AM,8/17/2019 10:30:49 AM,18088,18080,31.439,6.585,6.26,$0.00,--,--,--,NA,NA
45441,SCE_AVT_1302,CRP-2016-0042,SCE_AVT_1302-1035,SCE_AVT_1302-1035-P1,19356-32A-025,1,8/17/2019 11:04:23 AM,8/17/2019 11:31:18 AM,1615,1607,2.779,6.37,6.226,$0.00,--,--,--,NA,NA
45444,SCE_AVT_1302,CRP-2016-0042,SCE_AVT_1302-1035,SCE_AVT_1302-1035-P1,19356-32A-025,1,8/17/2019 11:31:30 AM,8/17/2019 11:31:38 AM,8,0,0,0,0,$0.00,--,--,--,NA,NA
45447,SCE_AVT_1302,CRP-2016-0042,SCE_AVT_1302-1035,SCE_AVT_1302-1035-P1,19356-32A-025,1,8/17/2019 11:56:31 AM,8/17/2019 1:23:53 PM,5242,5234,1.765,3.284,1.214,$0.00,--,--,--,NA,NA
45455,SCE_AVT_1302,CRP-2016-0042,SCE_AVT_1302-1035,SCE_AVT_1302-1035-P1,19356-32A-025,1,8/17/2019 2:41:07 PM,8/17/2019 4:05:46 PM,5079,5071,4.608,3.338,3.271,$0.00,--,--,--,NA,NA
45467,SCE_AVT_1302,CRP-2016-0042,SCE_AVT_1302-1035,SCE_AVT_1302-1035-P1,19356-32A-025,1,8/17/2019 6:49:31 PM,8/17/2019 7:40:56 PM,3085,3078,5.35,6.408,6.257,$0.00,--,--,--,NA,NA
45473,SCE_AVT_1302,CRP-2016-0042,SCE_AVT_1302-1035,SCE_AVT_1302-1035-P1,19356-32A-025,1,8/18/2019 7:21:39 AM,8/18/2019 8:59:58 AM,5899,5891,8.177,5.968,4.997,$0.00,--,--,--,NA,NA
45507,SCE_AVT_1302,CRP-2016-0042,SCE_AVT_1302-1035,SCE_AVT_1302-1035-P1,19356-32A-025,1,8/18/2019 4:41:45 PM,8/18/2019 7:34:49 PM,10384,10376,6.431,3.346,2.231,$0.00,--,--,--,NA,NA
45702,SCE_AVT_1302,CRP-2016-0042,SCE_AVT_1302-1035,SCE_AVT_1302-1035-P1,19356-32A-025,1,8/19/2019 6:00:53 PM,8/19/2019 6:01:52 PM,59,51,0,0,0,$0.00,--,--,--,NA,NA
45703,SCE_AVT_1302,CRP-2016-0042,SCE_AVT_1302-1035,SCE_AVT_1302-1035-P1,19356-32A-025,1,8/19/2019 6:01:56 PM,8/19/2019 7:08:52 PM,4016,4008,7.048,6.466,6.331,$0.00,--,--,--,NA,NA
45710,SCE_AVT_1302,CRP-2016-0042,SCE_AVT_1302-1035,SCE_AVT_1302-1035-P1,19356-32A-025,1,8/19/2019 8:17:42 PM,8/19/2019 10:18:05 PM,7223,7216,6.624,3.379,3.305,$0.00,--,--,--,NA,NA
45890,SCE_AVT_1302,CRP-2016-0042,SCE_AVT_1302-1035,SCE_AVT_1302-1035-P1,19356-32A-025,1,8/20/2019 6:22:41 PM,8/20/2019 9:05:57 PM,9796,9788,8.129,3.123,2.99,$0.00,--,--,--,NA,NA
46083,SCE_AVT_1302,CRP-2016-0042,SCE_AVT_1302-1035,SCE_AVT_1302-1035-P1,19356-32A-025,1,8/21/2019 8:14:31 PM,8/21/2019 9:30:19 PM,4548,4540,4.145,3.366,3.287,$0.00,--,--,--,NA,NA
46085,SCE_AVT_1302,CRP-2016-0042,SCE_AVT_1302-1035,SCE_AVT_1302-1035-P1,19356-32A-025,1,8/21/2019 9:44:22 PM,8/22/2019 1:01:32 AM,11830,11822,16.058,6.455,4.89,$0.00,--,--,--,NA,NA
46286,SCE_AVT_1302,CRP-2016-0042,SCE_AVT_1302-1035,SCE_AVT_1302-1035-P1,19356-32A-025,1,8/22/2019 7:10:13 PM,8/22/2019 9:40:33 PM,9020,9016,15.75,6.456,6.289,$0.00,--,--,--,NA,NA
46414,SCE_AVT_1302,CRP-2016-0042,SCE_AVT_1302-1035,SCE_AVT_1302-1035-P1,19356-32A-025,1,8/23/2019 9:18:18 AM,8/23/2019 3:56:58 PM,23920,23916,29.817,6.589,4.488,$0.00,--,--,--,NA,NA
46487,SCE_AVT_1302,CRP-2016-0042,SCE_AVT_1302-1035,SCE_AVT_1302-1035-P1,19356-32A-025,1,8/23/2019 4:43:44 PM,8/23/2019 5:09:01 PM,1517,1509,1.371,3.326,3.271,$0.00,--,--,--,NA,NA
46511,SCE_AVT_1302,CRP-2016-0042,SCE_AVT_1302-1035,SCE_AVT_1302-1035-P1,19356-32A-025,1,8/24/2019 7:25:20 AM,8/24/2019 8:17:56 AM,3156,3148,2.747,3.335,3.141,$0.00,--,--,--,NA,NA
46517,SCE_AVT_1302,CRP-2016-0042,SCE_AVT_1302-1035,SCE_AVT_1302-1035-P1,19356-32A-025,1,8/24/2019 8:22:16 AM,8/24/2019 9:52:23 AM,5407,5399,8.325,6.767,5.551,$0.00,--,--,--,NA,NA
46528,SCE_AVT_1302,CRP-2016-0042,SCE_AVT_1302-1035,SCE_AVT_1302-1035-P1,19356-32A-025,1,8/24/2019 10:06:22 AM,8/24/2019 12:18:27 PM,7925,7917,14.162,6.563,6.44,$0.00,--,--,--,NA,NA
46549,SCE_AVT_1302,CRP-2016-0042,SCE_AVT_1302-1035,SCE_AVT_1302-1035-P1,19356-32A-025,1,8/24/2019 2:32:14 PM,8/24/2019 6:45:53 PM,15219,15211,10.746,5.935,2.543,$0.00,--,--,--,NA,NA
46560,SCE_AVT_1302,CRP-2016-0042,SCE_AVT_1302-1035,SCE_AVT_1302-1035-P1,19356-32A-025,1,8/24/2019 6:56:59 PM,8/24/2019 7:48:17 PM,3078,3070,1.902,2.325,2.23,$0.00,--,--,--,NA,NA
46570,SCE_AVT_1302,CRP-2016-0042,SCE_AVT_1302-1035,SCE_AVT_1302-1035-P1,19356-32A-025,1,8/25/2019 10:05:58 AM,8/25/2019 12:54:22 PM,10104,10096,17.812,6.497,6.351,$0.00,--,--,--,NA,NA
46575,SCE_AVT_1302,CRP-2016-0042,SCE_AVT_1302-1035,SCE_AVT_1302-1035-P1,19356-32A-025,1,8/25/2019 1:28:51 PM,8/25/2019 3:48:37 PM,8386,8378,6.527,3.137,2.805,$0.00,--,--,--,NA,NA
46583,SCE_AVT_1302,CRP-2016-0042,SCE_AVT_1302-1035,SCE_AVT_1302-1035-P1,19356-32A-025,1,8/25/2019 4:01:29 PM,8/25/2019 4:30:55 PM,1766,1758,1.519,3.242,3.111,$0.00,--,--,--,NA,NA
46587,SCE_AVT_1302,CRP-2016-0042,SCE_AVT_1302-1035,SCE_AVT_1302-1035-P1,19356-32A-025,1,8/25/2019 4:46:32 PM,8/25/2019 8:33:43 PM,13631,13623,12.057,6.423,3.186,$0.00,--,--,--,NA,NA
46972,SCE_AVT_1302,CRP-2016-0042,SCE_AVT_1302-1035,SCE_AVT_1302-1035-P1,19356-32A-025,1,8/27/2019 6:08:09 PM,8/27/2019 7:48:31 PM,6022,6018,9.649,5.996,5.772,$0.00,--,--,--,NA,NA
47103,SCE_AVT_1302,CRP-2016-0042,SCE_AVT_1302-1035,SCE_AVT_1302-1035-P1,19356-32A-025,1,8/28/2019 10:39:34 AM,8/28/2019 11:32:02 AM,3148,3141,4.753,6.131,5.448,$0.00,--,--,--,NA,NA
47111,SCE_AVT_1302,CRP-2016-0042,SCE_AVT_1302-1035,SCE_AVT_1302-1035-P1,19356-32A-025,1,8/28/2019 11:40:27 AM,8/28/2019 2:00:01 PM,8374,8366,1.426,6.081,0.614,$0.00,--,--,--,NA,NA
47160,SCE_AVT_1302,CRP-2016-0042,SCE_AVT_1302-1035,SCE_AVT_1302-1035-P1,19356-32A-025,1,8/28/2019 7:45:05 PM,8/28/2019 9:22:06 PM,5821,5813,4.378,3.308,2.711,$0.00,--,--,--,NA,NA
47344,SCE_AVT_1302,CRP-2016-0042,SCE_AVT_1302-1035,SCE_AVT_1302-1035-P1,19356-32A-025,1,8/29/2019 6:46:06 PM,8/29/2019 8:34:32 PM,6506,6498,10.412,6.02,5.768,$0.00,--,--,--,NA,NA
47460,SCE_AVT_1302,CRP-2016-0042,SCE_AVT_1302-1035,SCE_AVT_1302-1035-P1,19356-32A-025,1,8/30/2019 9:00:22 AM,8/30/2019 10:13:01 AM,4359,4351,7.55,6.622,6.247,$0.00,--,--,--,NA,NA
47549,SCE_AVT_1302,CRP-2016-0042,SCE_AVT_1302-1035,SCE_AVT_1302-1035-P1,19356-32A-025,1,8/31/2019 7:43:31 AM,8/31/2019 9:37:36 AM,6845,6837,6.033,3.308,3.177,$0.00,--,--,--,NA,NA
47561,SCE_AVT_1302,CRP-2016-0042,SCE_AVT_1302-1035,SCE_AVT_1302-1035-P1,19356-32A-025,1,8/31/2019 9:48:26 AM,8/31/2019 1:29:26 PM,13260,13253,12.195,3.379,3.313,$0.00,--,--,--,NA,NA
47596,SCE_AVT_1302,CRP-2016-0042,SCE_AVT_1302-1035,SCE_AVT_1302-1035-P1,19356-32A-025,1,8/31/2019 5:47:14 PM,8/31/2019 7:20:49 PM,5615,5607,2.702,2.324,1.735,$0.00,--,--,--,NA,NA
47603,SCE_AVT_1302,CRP-2016-0042,SCE_AVT_1302-1035,SCE_AVT_1302-1035-P1,19356-32A-025,1,8/31/2019 8:07:03 PM,8/31/2019 10:10:36 PM,7413,7405,13.043,6.503,6.341,$0.00,--,--,--,NA,NA
43276,SCE_AVT_1302,CRP-2016-0042,SCE_AVT_1302-1036,SCE_AVT_1302-1036-P1,19356-32A-025,1,8/02/2019 9:21:47 AM,8/02/2019 9:51:04 AM,1757,1753,3.035,6.359,6.233,$0.00,--,--,--,NA,NA
43280,SCE_AVT_1302,CRP-2016-0042,SCE_AVT_1302-1036,SCE_AVT_1302-1036-P1,19356-32A-025,1,8/02/2019 10:29:41 AM,8/02/2019 3:40:52 PM,18671,18663,33.502,6.646,6.462,$0.00,--,--,--,NA,NA
43414,SCE_AVT_1302,CRP-2016-0042,SCE_AVT_1302-1036,SCE_AVT_1302-1036-P1,19356-32A-025,1,8/03/2019 12:27:07 PM,8/03/2019 2:28:13 PM,7266,7259,6.206,6.634,3.078,$0.00,--,--,--,NA,NA
43426,SCE_AVT_1302,CRP-2016-0042,SCE_AVT_1302-1036,SCE_AVT_1302-1036-P1,19356-32A-025,1,8/03/2019 4:40:50 PM,8/03/2019 6:55:28 PM,8078,8070,14.345,6.567,6.399,$0.00,--,--,--,NA,NA
43440,SCE_AVT_1302,CRP-2016-0042,SCE_AVT_1302-1036,SCE_AVT_1302-1036-P1,19356-32A-025,1,8/04/2019 7:55:04 AM,8/04/2019 10:19:10 AM,8646,8638,5.815,3.779,2.423,$0.00,--,--,--,NA,NA
43450,SCE_AVT_1302,CRP-2016-0042,SCE_AVT_1302-1036,SCE_AVT_1302-1036-P1,19356-32A-025,1,8/04/2019 1:10:27 PM,8/04/2019 2:51:36 PM,6069,6061,10.721,6.521,6.368,$0.00,--,--,--,NA,NA
43470,SCE_AVT_1302,CRP-2016-0042,SCE_AVT_1302-1036,SCE_AVT_1302-1036-P1,19356-32A-025,1,8/04/2019 7:20:17 PM,8/04/2019 9:44:51 PM,8674,8666,7.664,3.286,3.184,$0.00,--,--,--,NA,NA
43871,SCE_AVT_1302,CRP-2016-0042,SCE_AVT_1302-1036,SCE_AVT_1302-1036-P1,19356-32A-025,1,8/07/2019 7:28:04 AM,8/07/2019 12:34:35 PM,18391,18384,27.229,6.753,5.332,$0.00,--,--,--,NA,NA
44232,SCE_AVT_1302,CRP-2016-0042,SCE_AVT_1302-1036,SCE_AVT_1302-1036-P1,19356-32A-025,1,8/09/2019 7:55:26 AM,8/09/2019 9:43:48 AM,6502,6494,2.893,3.772,1.604,$0.00,--,--,--,NA,NA
44306,SCE_AVT_1302,CRP-2016-0042,SCE_AVT_1302-1036,SCE_AVT_1302-1036-P1,19356-32A-025,1,8/09/2019 10:52:03 AM,8/09/2019 11:49:15 AM,3432,3424,5.252,6.494,5.522,$0.00,--,--,--,NA,NA
44395,SCE_AVT_1302,CRP-2016-0042,SCE_AVT_1302-1036,SCE_AVT_1302-1036-P1,19356-32A-025,1,8/10/2019 10:38:38 AM,8/10/2019 12:07:58 PM,5360,5352,9.576,6.595,6.441,$0.00,--,--,--,NA,NA
44406,SCE_AVT_1302,CRP-2016-0042,SCE_AVT_1302-1036,SCE_AVT_1302-1036-P1,19356-32A-025,1,8/10/2019 2:08:09 PM,8/10/2019 3:29:59 PM,4910,4902,8.712,6.553,6.398,$0.00,--,--,--,NA,NA
44411,SCE_AVT_1302,CRP-2016-0042,SCE_AVT_1302-1036,SCE_AVT_1302-1036-P1,19356-32A-025,1,8/10/2019 4:58:27 PM,8/10/2019 7:36:33 PM,9486,9478,16.624,6.443,6.314,$0.00,--,--,--,NA,NA
44425,SCE_AVT_1302,CRP-2016-0042,SCE_AVT_1302-1036,SCE_AVT_1302-1036-P1,19356-32A-025,1,8/11/2019 7:46:02 AM,8/11/2019 9:39:24 AM,6802,6794,4.914,3.773,2.604,$0.00,--,--,--,NA,NA
44434,SCE_AVT_1302,CRP-2016-0042,SCE_AVT_1302-1036,SCE_AVT_1302-1036-P1,19356-32A-025,1,8/11/2019 12:43:21 PM,8/11/2019 7:25:42 PM,24141,24133,9.076,3.383,1.354,$0.00,--,--,--,NA,NA
45202,SCE_AVT_1302,CRP-2016-0042,SCE_AVT_1302-1036,SCE_AVT_1302-1036-P1,19356-32A-025,1,8/15/2019 5:45:19 PM,8/15/2019 7:59:10 PM,8031,8024,14.028,6.461,6.294,$0.00,--,--,--,NA,NA
45330,SCE_AVT_1302,CRP-2016-0042,SCE_AVT_1302-1036,SCE_AVT_1302-1036-P1,19356-32A-025,1,8/16/2019 9:07:34 AM,8/16/2019 9:33:11 AM,1537,1529,2.636,6.361,6.206,$0.00,--,--,--,NA,NA
45369,SCE_AVT_1302,CRP-2016-0042,SCE_AVT_1302-1036,SCE_AVT_1302-1036-P1,19356-32A-025,1,8/16/2019 1:16:49 PM,8/16/2019 3:16:21 PM,7172,7169,6.611,3.372,3.32,$0.00,--,--,--,NA,NA
45456,SCE_AVT_1302,CRP-2016-0042,SCE_AVT_1302-1036,SCE_AVT_1302-1036-P1,19356-32A-025,1,8/17/2019 2:57:54 PM,8/17/2019 3:45:43 PM,2869,2861,2.587,3.363,3.255,$0.00,--,--,--,NA,NA
45461,SCE_AVT_1302,CRP-2016-0042,SCE_AVT_1302-1036,SCE_AVT_1302-1036-P1,19356-32A-025,1,8/17/2019 4:33:00 PM,8/17/2019 5:53:12 PM,4812,4804,8.667,6.622,6.495,$0.00,--,--,--,NA,NA
45465,SCE_AVT_1302,CRP-2016-0042,SCE_AVT_1302-1036,SCE_AVT_1302-1036-P1,19356-32A-025,1,8/17/2019 6:38:42 PM,8/17/2019 7:35:51 PM,3429,3421,5.77,6.533,6.072,$0.00,--,--,--,NA,NA
45471,SCE_AVT_1302,CRP-2016-0042,SCE_AVT_1302-1036,SCE_AVT_1302-1036-P1,19356-32A-025,1,8/17/2019 9:25:55 PM,8/17/2019 11:51:44 PM,8749,8741,7.59,3.366,3.126,$0.00,--,--,--,NA,NA
45478,SCE_AVT_1302,CRP-2016-0042,SCE_AVT_1302-1036,SCE_AVT_1302-1036-P1,19356-32A-025,1,8/18/2019 8:12:55 AM,8/18/2019 9:21:53 AM,4138,4130,7.271,6.573,6.338,$0.00,--,--,--,NA,NA
45487,SCE_AVT_1302,CRP-2016-0042,SCE_AVT_1302-1036,SCE_AVT_1302-1036-P1,19356-32A-025,1,8/18/2019 10:40:10 AM,8/18/2019 6:45:08 PM,29098,29090,28.669,6.505,3.548,$0.00,--,--,--,NA,NA
45894,SCE_AVT_1302,CRP-2016-0042,SCE_AVT_1302-1036,SCE_AVT_1302-1036-P1,19356-32A-025,1,8/20/2019 6:39:56 PM,8/20/2019 8:34:53 PM,6897,6889,6.305,3.426,3.295,$0.00,--,--,--,NA,NA
46282,SCE_AVT_1302,CRP-2016-0042,SCE_AVT_1302-1036,SCE_AVT_1302-1036-P1,19356-32A-025,1,8/22/2019 6:54:19 PM,8/22/2019 9:49:28 PM,10509,10506,19.068,6.725,6.534,$0.00,--,--,--,NA,NA
46302,SCE_AVT_1302,CRP-2016-0042,SCE_AVT_1302-1036,SCE_AVT_1302-1036-P1,19356-32A-025,1,8/22/2019 11:21:18 PM,8/23/2019 1:08:09 AM,6411,6404,5.527,3.209,3.107,$0.00,--,--,--,NA,NA
46337,SCE_AVT_1302,CRP-2016-0042,SCE_AVT_1302-1036,SCE_AVT_1302-1036-P1,19356-32A-025,1,8/23/2019 7:27:42 AM,8/23/2019 9:35:51 AM,7689,7685,3.928,3.777,1.84,$0.00,--,--,--,NA,NA
46468,SCE_AVT_1302,CRP-2016-0042,SCE_AVT_1302-1036,SCE_AVT_1302-1036-P1,19356-32A-025,1,8/23/2019 3:07:23 PM,8/23/2019 4:14:46 PM,4043,4035,2.069,2.32,1.846,$0.00,--,--,--,NA,NA
46495,SCE_AVT_1302,CRP-2016-0042,SCE_AVT_1302-1036,SCE_AVT_1302-1036-P1,19356-32A-025,1,8/23/2019 6:26:35 PM,8/23/2019 7:16:46 PM,3011,3003,1.87,2.408,2.242,$0.00,--,--,--,NA,NA
46502,SCE_AVT_1302,CRP-2016-0042,SCE_AVT_1302-1036,SCE_AVT_1302-1036-P1,19356-32A-025,1,8/23/2019 7:58:17 PM,8/23/2019 8:56:52 PM,3515,3507,6.317,6.611,6.485,$0.00,--,--,--,NA,NA
46516,SCE_AVT_1302,CRP-2016-0042,SCE_AVT_1302-1036,SCE_AVT_1302-1036-P1,19356-32A-025,1,8/24/2019 8:00:56 AM,8/24/2019 10:00:36 AM,7180,7172,12.744,7.165,6.397,$0.00,--,--,--,NA,NA
46530,SCE_AVT_1302,CRP-2016-0042,SCE_AVT_1302-1036,SCE_AVT_1302-1036-P1,19356-32A-025,1,8/24/2019 10:40:20 AM,8/24/2019 11:22:54 AM,2554,2546,4.426,6.409,6.258,$0.00,--,--,--,NA,NA
46564,SCE_AVT_1302,CRP-2016-0042,SCE_AVT_1302-1036,SCE_AVT_1302-1036-P1,19356-32A-025,1,8/25/2019 7:53:15 AM,8/25/2019 10:06:38 AM,8003,7995,6.58,3.431,2.963,$0.00,--,--,--,NA,NA
46580,SCE_AVT_1302,CRP-2016-0042,SCE_AVT_1302-1036,SCE_AVT_1302-1036-P1,19356-32A-025,1,8/25/2019 3:34:22 PM,8/25/2019 5:45:36 PM,7874,7866,6.718,3.426,3.075,$0.00,--,--,--,NA,NA
46588,SCE_AVT_1302,CRP-2016-0042,SCE_AVT_1302-1036,SCE_AVT_1302-1036-P1,19356-32A-025,1,8/25/2019 5:47:02 PM,8/25/2019 6:28:53 PM,2511,2503,2.023,3.217,2.91,$0.00,--,--,--,NA,NA
46782,SCE_AVT_1302,CRP-2016-0042,SCE_AVT_1302-1036,SCE_AVT_1302-1036-P1,19356-32A-025,1,8/26/2019 7:50:11 PM,8/26/2019 8:52:07 PM,3716,3712,3.706,3.628,3.594,$0.00,--,--,--,NA,NA
47475,SCE_AVT_1302,CRP-2016-0042,SCE_AVT_1302-1036,SCE_AVT_1302-1036-P1,19356-32A-025,1,8/30/2019 9:51:14 AM,8/30/2019 5:16:28 PM,26714,26710,37.798,6.606,5.094,$0.00,--,--,--,NA,NA
47530,SCE_AVT_1302,CRP-2016-0042,SCE_AVT_1302-1036,SCE_AVT_1302-1036-P1,19356-32A-025,1,8/30/2019 6:15:00 PM,8/30/2019 9:09:30 PM,10470,10463,16.731,5.957,5.757,$0.00,--,--,--,NA,NA
47547,SCE_AVT_1302,CRP-2016-0042,SCE_AVT_1302-1036,SCE_AVT_1302-1036-P1,19356-32A-025,1,8/31/2019 7:24:27 AM,8/31/2019 9:11:54 AM,6447,6439,8.754,6.501,4.894,$0.00,--,--,--,NA,NA
47558,SCE_AVT_1302,CRP-2016-0042,SCE_AVT_1302-1036,SCE_AVT_1302-1036-P1,19356-32A-025,1,8/31/2019 9:22:04 AM,8/31/2019 1:32:42 PM,15038,15030,24.604,6.657,5.893,$0.00,--,--,--,NA,NA
47590,SCE_AVT_1302,CRP-2016-0042,SCE_AVT_1302-1036,SCE_AVT_1302-1036-P1,19356-32A-025,1,8/31/2019 3:28:45 PM,8/31/2019 4:41:20 PM,4355,4347,2.613,2.353,2.164,$0.00,--,--,--,NA,NA
43170,SCE_AVT_1302,CRP-2016-0042,SCE_AVT_1302-1037,SCE_AVT_1302-1037-P1,19356-32A-025,1,8/02/2019 6:10:42 AM,8/02/2019 8:09:23 AM,7121,7113,4.757,6.071,2.408,$0.00,--,--,--,NA,NA
43305,SCE_AVT_1302,CRP-2016-0042,SCE_AVT_1302-1037,SCE_AVT_1302-1037-P1,19356-32A-025,1,8/02/2019 12:48:23 PM,8/02/2019 4:03:19 PM,11696,11688,6.629,5.916,2.042,$0.00,--,--,--,NA,NA
43357,SCE_AVT_1302,CRP-2016-0042,SCE_AVT_1302-1037,SCE_AVT_1302-1037-P1,19356-32A-025,1,8/02/2019 4:30:42 PM,8/02/2019 6:29:03 PM,7101,7093,12.527,6.533,6.358,$0.00,--,--,--,NA,NA
43375,SCE_AVT_1302,CRP-2016-0042,SCE_AVT_1302-1037,SCE_AVT_1302-1037-P1,19356-32A-025,1,8/02/2019 7:03:01 PM,8/02/2019 9:07:28 PM,7467,7460,13.043,6.457,6.294,$0.00,--,--,--,NA,NA
43393,SCE_AVT_1302,CRP-2016-0042,SCE_AVT_1302-1037,SCE_AVT_1302-1037-P1,19356-32A-025,1,8/03/2019 6:31:35 AM,8/03/2019 10:05:22 AM,12827,12820,22.665,6.527,6.365,$0.00,--,--,--,NA,NA
43405,SCE_AVT_1302,CRP-2016-0042,SCE_AVT_1302-1037,SCE_AVT_1302-1037-P1,19356-32A-025,1,8/03/2019 10:13:54 AM,8/03/2019 12:01:48 PM,6474,6466,10.353,5.922,5.764,$0.00,--,--,--,NA,NA
43418,SCE_AVT_1302,CRP-2016-0042,SCE_AVT_1302-1037,SCE_AVT_1302-1037-P1,19356-32A-025,1,8/03/2019 1:21:17 PM,8/03/2019 1:24:49 PM,212,204,0.335,6.018,5.912,$0.00,--,--,--,NA,NA
43420,SCE_AVT_1302,CRP-2016-0042,SCE_AVT_1302-1037,SCE_AVT_1302-1037-P1,19356-32A-025,1,8/03/2019 1:45:11 PM,8/03/2019 5:25:16 PM,13205,13197,10.899,5.86,2.973,$0.00,--,--,--,NA,NA
43429,SCE_AVT_1302,CRP-2016-0042,SCE_AVT_1302-1037,SCE_AVT_1302-1037-P1,19356-32A-025,1,8/03/2019 6:28:47 PM,8/03/2019 6:29:22 PM,35,27,0.02,2.864,2.667,$0.00,--,--,--,NA,NA
43430,SCE_AVT_1302,CRP-2016-0042,SCE_AVT_1302-1037,SCE_AVT_1302-1037-P1,19356-32A-025,1,8/03/2019 6:30:14 PM,8/03/2019 7:13:42 PM,2608,2600,2.14,3.118,2.963,$0.00,--,--,--,NA,NA
43434,SCE_AVT_1302,CRP-2016-0042,SCE_AVT_1302-1037,SCE_AVT_1302-1037-P1,19356-32A-025,1,8/03/2019 9:26:38 PM,8/03/2019 10:08:52 PM,2534,2526,4.433,6.447,6.318,$0.00,--,--,--,NA,NA
43438,SCE_AVT_1302,CRP-2016-0042,SCE_AVT_1302-1037,SCE_AVT_1302-1037-P1,19356-32A-025,1,8/04/2019 6:57:27 AM,8/04/2019 8:46:32 AM,6545,6537,10.555,5.999,5.813,$0.00,--,--,--,NA,NA
43443,SCE_AVT_1302,CRP-2016-0042,SCE_AVT_1302-1037,SCE_AVT_1302-1037-P1,19356-32A-025,1,8/04/2019 9:17:48 AM,8/04/2019 10:45:05 AM,5237,5229,8.757,6.346,6.029,$0.00,--,--,--,NA,NA
43453,SCE_AVT_1302,CRP-2016-0042,SCE_AVT_1302-1037,SCE_AVT_1302-1037-P1,19356-32A-025,1,8/04/2019 1:31:19 PM,8/04/2019 7:56:55 PM,23136,23132,13.121,6.229,2.042,$0.00,--,--,--,NA,NA
43496,SCE_AVT_1302,CRP-2016-0042,SCE_AVT_1302-1037,SCE_AVT_1302-1037-P1,19356-32A-025,1,8/05/2019 6:59:05 AM,8/05/2019 4:20:18 PM,33673,33665,5.913,3.28,0.632,$0.00,--,--,--,NA,NA
43643,SCE_AVT_1302,CRP-2016-0042,SCE_AVT_1302-1037,SCE_AVT_1302-1037-P1,19356-32A-025,1,8/05/2019 5:59:44 PM,8/05/2019 7:53:49 PM,6845,6837,6.022,3.313,3.171,$0.00,--,--,--,NA,NA
43804,SCE_AVT_1302,CRP-2016-0042,SCE_AVT_1302-1037,SCE_AVT_1302-1037-P1,19356-32A-025,1,8/06/2019 2:38:37 PM,8/06/2019 6:46:25 PM,14868,14860,5.329,3.338,1.291,$0.00,--,--,--,NA,NA
43832,SCE_AVT_1302,CRP-2016-0042,SCE_AVT_1302-1037,SCE_AVT_1302-1037-P1,19356-32A-025,1,8/06/2019 6:53:07 PM,8/06/2019 9:38:46 PM,9939,9931,17.256,6.464,6.255,$0.00,--,--,--,NA,NA
44006,SCE_AVT_1302,CRP-2016-0042,SCE_AVT_1302-1037,SCE_AVT_1302-1037-P1,19356-32A-025,1,8/07/2019 6:45:02 PM,8/07/2019 9:25:37 PM,9635,9627,11.441,6.6,4.278,$0.00,--,--,--,NA,NA
44312,SCE_AVT_1302,CRP-2016-0042,SCE_AVT_1302-1037,SCE_AVT_1302-1037-P1,19356-32A-025,1,8/09/2019 11:57:25 AM,8/09/2019 12:57:42 PM,3617,3610,6.488,6.652,6.47,$0.00,--,--,--,NA,NA
44336,SCE_AVT_1302,CRP-2016-0042,SCE_AVT_1302-1037,SCE_AVT_1302-1037-P1,19356-32A-025,1,8/09/2019 1:36:27 PM,8/09/2019 2:50:01 PM,4414,4406,7.279,6.046,5.947,$0.00,--,--,--,NA,NA
44361,SCE_AVT_1302,CRP-2016-0042,SCE_AVT_1302-1037,SCE_AVT_1302-1037-P1,19356-32A-025,1,8/09/2019 3:37:57 PM,8/09/2019 5:09:15 PM,5478,5470,9.824,6.644,6.466,$0.00,--,--,--,NA,NA
44385,SCE_AVT_1302,CRP-2016-0042,SCE_AVT_1302-1037,SCE_AVT_1302-1037-P1,19356-32A-025,1,8/10/2019 7:53:32 AM,8/10/2019 9:52:41 AM,7149,7141,12.493,6.448,6.298,$0.00,--,--,--,NA,NA
44426,SCE_AVT_1302,CRP-2016-0042,SCE_AVT_1302-1037,SCE_AVT_1302-1037-P1,19356-32A-025,1,8/11/2019 9:15:10 AM,8/11/2019 9:15:33 AM,23,19,0,0,0,$0.00,--,--,--,NA,NA
44427,SCE_AVT_1302,CRP-2016-0042,SCE_AVT_1302-1037,SCE_AVT_1302-1037-P1,19356-32A-025,1,8/11/2019 9:15:37 AM,8/11/2019 11:22:11 AM,7594,7586,7.013,3.388,3.328,$0.00,--,--,--,NA,NA
44432,SCE_AVT_1302,CRP-2016-0042,SCE_AVT_1302-1037,SCE_AVT_1302-1037-P1,19356-32A-025,1,8/11/2019 12:19:47 PM,8/11/2019 1:18:50 PM,3543,3535,3.118,3.248,3.175,$0.00,--,--,--,NA,NA
44440,SCE_AVT_1302,CRP-2016-0042,SCE_AVT_1302-1037,SCE_AVT_1302-1037-P1,19356-32A-025,1,8/11/2019 2:08:17 PM,8/11/2019 4:03:25 PM,6908,6900,6.113,3.286,3.189,$0.00,--,--,--,NA,NA
44500,SCE_AVT_1302,CRP-2016-0042,SCE_AVT_1302-1037,SCE_AVT_1302-1037-P1,19356-32A-025,1,8/12/2019 7:44:59 AM,8/12/2019 6:40:23 PM,39324,39320,3.806,3.285,0.348,$0.00,--,--,--,NA,NA
44659,SCE_AVT_1302,CRP-2016-0042,SCE_AVT_1302-1037,SCE_AVT_1302-1037-P1,19356-32A-025,1,8/12/2019 7:25:34 PM,8/12/2019 8:36:02 PM,4228,4220,7.229,6.299,6.167,$0.00,--,--,--,NA,NA
44803,SCE_AVT_1302,CRP-2016-0042,SCE_AVT_1302-1037,SCE_AVT_1302-1037-P1,19356-32A-025,1,8/13/2019 12:59:02 PM,8/13/2019 6:58:42 PM,21580,21572,4.864,3.309,0.812,$0.00,--,--,--,NA,NA
44850,SCE_AVT_1302,CRP-2016-0042,SCE_AVT_1302-1037,SCE_AVT_1302-1037-P1,19356-32A-025,1,8/13/2019 7:37:11 PM,8/13/2019 8:52:23 PM,4512,4504,3.975,3.286,3.177,$0.00,--,--,--,NA,NA
44871,SCE_AVT_1302,CRP-2016-0042,SCE_AVT_1302-1037,SCE_AVT_1302-1037-P1,19356-32A-025,1,8/14/2019 6:33:38 AM,8/14/2019 7:45:25 AM,4307,4299,7.481,6.428,6.265,$0.00,--,--,--,NA,NA
45033,SCE_AVT_1302,CRP-2016-0042,SCE_AVT_1302-1037,SCE_AVT_1302-1037-P1,19356-32A-025,1,8/14/2019 9:02:21 PM,8/14/2019 11:08:47 PM,7586,7578,6.071,3.264,2.884,$0.00,--,--,--,NA,NA
45199,SCE_AVT_1302,CRP-2016-0042,SCE_AVT_1302-1037,SCE_AVT_1302-1037-P1,19356-32A-025,1,8/15/2019 5:18:46 PM,8/15/2019 6:50:51 PM,5525,5517,4.857,3.289,3.169,$0.00,--,--,--,NA,NA
45213,SCE_AVT_1302,CRP-2016-0042,SCE_AVT_1302-1037,SCE_AVT_1302-1037-P1,19356-32A-025,1,8/15/2019 7:03:36 PM,8/15/2019 8:48:17 PM,6281,6273,5.701,3.348,3.272,$0.00,--,--,--,NA,NA
45305,SCE_AVT_1302,CRP-2016-0042,SCE_AVT_1302-1037,SCE_AVT_1302-1037-P1,19356-32A-025,1,8/16/2019 8:43:35 AM,8/16/2019 11:27:35 AM,9840,9832,5.576,3.209,2.042,$0.00,--,--,--,NA,NA
45408,SCE_AVT_1302,CRP-2016-0042,SCE_AVT_1302-1037,SCE_AVT_1302-1037-P1,19356-32A-025,1,8/16/2019 6:46:46 PM,8/16/2019 9:21:15 PM,9269,9261,16.225,6.443,6.307,$0.00,--,--,--,NA,NA
45433,SCE_AVT_1302,CRP-2016-0042,SCE_AVT_1302-1037,SCE_AVT_1302-1037-P1,19356-32A-025,1,8/17/2019 8:44:49 AM,8/17/2019 12:34:30 PM,13781,13773,21.938,6.675,5.734,$0.00,--,--,--,NA,NA
45454,SCE_AVT_1302,CRP-2016-0042,SCE_AVT_1302-1037,SCE_AVT_1302-1037-P1,19356-32A-025,1,8/17/2019 1:59:09 PM,8/17/2019 6:09:59 PM,15050,15042,13.867,3.389,3.319,$0.00,--,--,--,NA,NA
45482,SCE_AVT_1302,CRP-2016-0042,SCE_AVT_1302-1037,SCE_AVT_1302-1037-P1,19356-32A-025,1,8/18/2019 9:40:58 AM,8/18/2019 10:52:22 AM,4284,4276,7.642,6.549,6.434,$0.00,--,--,--,NA,NA
45489,SCE_AVT_1302,CRP-2016-0042,SCE_AVT_1302-1037,SCE_AVT_1302-1037-P1,19356-32A-025,1,8/18/2019 11:21:19 AM,8/18/2019 2:11:38 PM,10219,10211,7.905,6.382,2.787,$0.00,--,--,--,NA,NA
45510,SCE_AVT_1302,CRP-2016-0042,SCE_AVT_1302-1037,SCE_AVT_1302-1037-P1,19356-32A-025,1,8/18/2019 5:38:27 PM,8/18/2019 6:25:09 PM,2802,2794,2.539,3.329,3.271,$0.00,--,--,--,NA,NA
45515,SCE_AVT_1302,CRP-2016-0042,SCE_AVT_1302-1037,SCE_AVT_1302-1037-P1,19356-32A-025,1,8/18/2019 7:48:06 PM,8/18/2019 9:49:24 PM,7278,7270,5.769,3.281,2.857,$0.00,--,--,--,NA,NA
45714,SCE_AVT_1302,CRP-2016-0042,SCE_AVT_1302-1037,SCE_AVT_1302-1037-P1,19356-32A-025,1,8/19/2019 8:42:20 PM,8/19/2019 9:40:20 PM,3480,3472,6.134,6.485,6.36,$0.00,--,--,--,NA,NA
45899,SCE_AVT_1302,CRP-2016-0042,SCE_AVT_1302-1037,SCE_AVT_1302-1037-P1,19356-32A-025,1,8/20/2019 8:13:10 PM,8/20/2019 10:21:10 PM,7680,7672,7.8,3.787,3.66,$0.00,--,--,--,NA,NA
46205,SCE_AVT_1302,CRP-2016-0042,SCE_AVT_1302-1037,SCE_AVT_1302-1037-P1,19356-32A-025,1,8/22/2019 9:56:14 AM,8/22/2019 6:44:29 PM,31695,31691,5.672,3.299,0.644,$0.00,--,--,--,NA,NA
46289,SCE_AVT_1302,CRP-2016-0042,SCE_AVT_1302-1037,SCE_AVT_1302-1037-P1,19356-32A-025,1,8/22/2019 7:13:30 PM,8/22/2019 10:17:36 PM,11046,11038,19.742,6.61,6.439,$0.00,--,--,--,NA,NA
46432,SCE_AVT_1302,CRP-2016-0042,SCE_AVT_1302-1037,SCE_AVT_1302-1037-P1,19356-32A-025,1,8/23/2019 11:08:20 AM,8/23/2019 11:38:25 AM,1805,1801,1.645,3.372,3.288,$0.00,--,--,--,NA,NA
46438,SCE_AVT_1302,CRP-2016-0042,SCE_AVT_1302-1037,SCE_AVT_1302-1037-P1,19356-32A-025,1,8/23/2019 12:02:55 PM,8/23/2019 1:29:36 PM,5201,5194,9.237,6.544,6.402,$0.00,--,--,--,NA,NA
46519,SCE_AVT_1302,CRP-2016-0042,SCE_AVT_1302-1037,SCE_AVT_1302-1037-P1,19356-32A-025,1,8/24/2019 8:30:50 AM,8/24/2019 10:53:29 AM,8559,8551,4.357,3.347,1.834,$0.00,--,--,--,NA,NA
46537,SCE_AVT_1302,CRP-2016-0042,SCE_AVT_1302-1037,SCE_AVT_1302-1037-P1,19356-32A-025,1,8/24/2019 11:54:26 AM,8/24/2019 1:16:04 PM,4898,4890,3.714,3.22,2.734,$0.00,--,--,--,NA,NA
46544,SCE_AVT_1302,CRP-2016-0042,SCE_AVT_1302-1037,SCE_AVT_1302-1037-P1,19356-32A-025,1,8/24/2019 1:47:08 PM,8/24/2019 10:23:30 PM,30982,30974,16.735,3.357,1.945,$0.00,--,--,--,NA,NA
46574,SCE_AVT_1302,CRP-2016-0042,SCE_AVT_1302-1037,SCE_AVT_1302-1037-P1,19356-32A-025,1,8/25/2019 12:49:08 PM,8/25/2019 3:25:11 PM,9363,9355,16.547,6.512,6.368,$0.00,--,--,--,NA,NA
46581,SCE_AVT_1302,CRP-2016-0042,SCE_AVT_1302-1037,SCE_AVT_1302-1037-P1,19356-32A-025,1,8/25/2019 3:36:09 PM,8/25/2019 4:19:26 PM,2597,2589,4.536,6.553,6.307,$0.00,--,--,--,NA,NA
46586,SCE_AVT_1302,CRP-2016-0042,SCE_AVT_1302-1037,SCE_AVT_1302-1037-P1,19356-32A-025,1,8/25/2019 4:21:05 PM,8/25/2019 6:48:08 PM,8823,8815,15.334,6.382,6.262,$0.00,--,--,--,NA,NA
46592,SCE_AVT_1302,CRP-2016-0042,SCE_AVT_1302-1037,SCE_AVT_1302-1037-P1,19356-32A-025,1,8/25/2019 7:27:44 PM,8/25/2019 9:45:59 PM,8295,8287,4.976,3.152,2.162,$0.00,--,--,--,NA,NA
46745,SCE_AVT_1302,CRP-2016-0042,SCE_AVT_1302-1037,SCE_AVT_1302-1037-P1,19356-32A-025,1,8/26/2019 1:30:38 PM,8/26/2019 2:30:32 PM,3594,3590,3.159,3.257,3.168,$0.00,--,--,--,NA,NA
46763,SCE_AVT_1302,CRP-2016-0042,SCE_AVT_1302-1037,SCE_AVT_1302-1037-P1,19356-32A-025,1,8/26/2019 4:04:31 PM,8/26/2019 6:27:54 PM,8603,8595,5.794,3.271,2.427,$0.00,--,--,--,NA,NA
46976,SCE_AVT_1302,CRP-2016-0042,SCE_AVT_1302-1037,SCE_AVT_1302-1037-P1,19356-32A-025,1,8/27/2019 6:45:13 PM,8/27/2019 7:56:01 PM,4248,4240,3.733,3.329,3.17,$0.00,--,--,--,NA,NA
47297,SCE_AVT_1302,CRP-2016-0042,SCE_AVT_1302-1037,SCE_AVT_1302-1037-P1,19356-32A-025,1,8/29/2019 12:24:59 PM,8/29/2019 2:20:23 PM,6924,6916,2.947,6.088,1.534,$0.00,--,--,--,NA,NA
47333,SCE_AVT_1302,CRP-2016-0042,SCE_AVT_1302-1037,SCE_AVT_1302-1037-P1,19356-32A-025,1,8/29/2019 3:36:54 PM,8/31/2019 1:18:36 AM,121302,121294,15.871,6.007,0.471,$0.00,--,--,--,NA,NA
47552,SCE_AVT_1302,CRP-2016-0042,SCE_AVT_1302-1037,SCE_AVT_1302-1037-P1,19356-32A-025,1,8/31/2019 8:04:02 AM,8/31/2019 8:40:49 AM,2207,2199,3.828,6.419,6.267,$0.00,--,--,--,NA,NA
47556,SCE_AVT_1302,CRP-2016-0042,SCE_AVT_1302-1037,SCE_AVT_1302-1037-P1,19356-32A-025,1,8/31/2019 8:49:53 AM,8/31/2019 10:44:53 AM,6900,6892,11.331,6.036,5.919,$0.00,--,--,--,NA,NA
47565,SCE_AVT_1302,CRP-2016-0042,SCE_AVT_1302-1037,SCE_AVT_1302-1037-P1,19356-32A-025,1,8/31/2019 11:14:18 AM,8/31/2019 1:36:18 PM,8520,8512,14.523,6.285,6.142,$0.00,--,--,--,NA,NA
47588,SCE_AVT_1302,CRP-2016-0042,SCE_AVT_1302-1037,SCE_AVT_1302-1037-P1,19356-32A-025,1,8/31/2019 3:20:56 PM,8/31/2019 10:38:52 PM,26276,26268,13.279,3.782,1.82,$0.00,--,--,--,NA,NA
43144,SCE_AVT_1302,CRP-2016-0042,SCE_AVT_1302-1038,SCE_AVT_1302-1038-P1,19356-32A-025,1,8/01/2019 7:24:23 PM,8/01/2019 7:28:59 PM,276,268,0.244,3.343,3.278,$0.00,--,--,--,NA,NA
43146,SCE_AVT_1302,CRP-2016-0042,SCE_AVT_1302-1038,SCE_AVT_1302-1038-P1,19356-32A-025,1,8/01/2019 7:31:32 PM,8/01/2019 8:19:53 PM,2901,2893,2.654,3.356,3.303,$0.00,--,--,--,NA,NA
43369,SCE_AVT_1302,CRP-2016-0042,SCE_AVT_1302-1038,SCE_AVT_1302-1038-P1,19356-32A-025,1,8/02/2019 5:54:16 PM,8/02/2019 7:32:51 PM,5915,5907,10.508,6.564,6.404,$0.00,--,--,--,NA,NA
43378,SCE_AVT_1302,CRP-2016-0042,SCE_AVT_1302-1038,SCE_AVT_1302-1038-P1,19356-32A-025,1,8/02/2019 7:39:13 PM,8/02/2019 10:21:15 PM,9722,9714,17.329,6.563,6.422,$0.00,--,--,--,NA,NA
43401,SCE_AVT_1302,CRP-2016-0042,SCE_AVT_1302-1038,SCE_AVT_1302-1038-P1,19356-32A-025,1,8/03/2019 8:35:01 AM,8/03/2019 9:02:28 AM,1647,1639,1.009,2.308,2.216,$0.00,--,--,--,NA,NA
43415,SCE_AVT_1302,CRP-2016-0042,SCE_AVT_1302-1038,SCE_AVT_1302-1038-P1,19356-32A-025,1,8/03/2019 12:50:58 PM,8/03/2019 1:38:27 PM,2849,2842,5.144,6.664,6.516,$0.00,--,--,--,NA,NA
43444,SCE_AVT_1302,CRP-2016-0042,SCE_AVT_1302-1038,SCE_AVT_1302-1038-P1,19356-32A-025,1,8/04/2019 10:12:36 AM,8/04/2019 12:17:16 PM,7480,7472,6.013,3.408,2.897,$0.00,--,--,--,NA,NA
43461,SCE_AVT_1302,CRP-2016-0042,SCE_AVT_1302-1038,SCE_AVT_1302-1038-P1,19356-32A-025,1,8/04/2019 3:32:08 PM,8/04/2019 4:47:12 PM,4504,4496,8.072,6.61,6.463,$0.00,--,--,--,NA,NA
43464,SCE_AVT_1302,CRP-2016-0042,SCE_AVT_1302-1038,SCE_AVT_1302-1038-P1,19356-32A-025,1,8/04/2019 5:49:36 PM,8/04/2019 11:34:28 PM,20692,20684,16.367,3.414,2.849,$0.00,--,--,--,NA,NA
43636,SCE_AVT_1302,CRP-2016-0042,SCE_AVT_1302-1038,SCE_AVT_1302-1038-P1,19356-32A-025,1,8/05/2019 4:42:59 PM,8/05/2019 8:06:08 PM,12189,12181,11.278,3.41,3.333,$0.00,--,--,--,NA,NA
44175,SCE_AVT_1302,CRP-2016-0042,SCE_AVT_1302-1038,SCE_AVT_1302-1038-P1,19356-32A-025,1,8/08/2019 7:16:59 PM,8/08/2019 9:27:26 PM,7827,7819,6.353,3.395,2.925,$0.00,--,--,--,NA,NA
44307,SCE_AVT_1302,CRP-2016-0042,SCE_AVT_1302-1038,SCE_AVT_1302-1038-P1,19356-32A-025,1,8/09/2019 10:54:05 AM,8/09/2019 11:29:25 AM,2120,2112,1.918,3.345,3.269,$0.00,--,--,--,NA,NA
44388,SCE_AVT_1302,CRP-2016-0042,SCE_AVT_1302-1038,SCE_AVT_1302-1038-P1,19356-32A-025,1,8/10/2019 8:58:10 AM,8/10/2019 10:37:12 AM,5942,5934,10.565,6.592,6.41,$0.00,--,--,--,NA,NA
44410,SCE_AVT_1302,CRP-2016-0042,SCE_AVT_1302-1038,SCE_AVT_1302-1038-P1,19356-32A-025,1,8/10/2019 4:07:46 PM,8/10/2019 11:47:58 PM,27612,27604,27.378,6.482,3.571,$0.00,--,--,--,NA,NA
44446,SCE_AVT_1302,CRP-2016-0042,SCE_AVT_1302-1038,SCE_AVT_1302-1038-P1,19356-32A-025,1,8/11/2019 4:21:37 PM,8/11/2019 4:46:42 PM,1505,1497,2.639,6.604,6.346,$0.00,--,--,--,NA,NA
44448,SCE_AVT_1302,CRP-2016-0042,SCE_AVT_1302-1038,SCE_AVT_1302-1038-P1,19356-32A-025,1,8/11/2019 4:59:03 PM,8/11/2019 6:11:18 PM,4335,4327,7.844,6.648,6.526,$0.00,--,--,--,NA,NA
44450,SCE_AVT_1302,CRP-2016-0042,SCE_AVT_1302-1038,SCE_AVT_1302-1038-P1,19356-32A-025,1,8/11/2019 6:30:40 PM,8/11/2019 6:38:57 PM,497,489,0.846,6.529,6.228,$0.00,--,--,--,NA,NA
44656,SCE_AVT_1302,CRP-2016-0042,SCE_AVT_1302-1038,SCE_AVT_1302-1038-P1,19356-32A-025,1,8/12/2019 7:13:37 PM,8/12/2019 9:35:02 PM,8485,8477,15.075,6.547,6.402,$0.00,--,--,--,NA,NA
45025,SCE_AVT_1302,CRP-2016-0042,SCE_AVT_1302-1038,SCE_AVT_1302-1038-P1,19356-32A-025,1,8/14/2019 6:29:44 PM,8/14/2019 7:11:19 PM,2495,2487,4.412,6.528,6.386,$0.00,--,--,--,NA,NA
45207,SCE_AVT_1302,CRP-2016-0042,SCE_AVT_1302-1038,SCE_AVT_1302-1038-P1,19356-32A-025,1,8/15/2019 6:22:27 PM,8/15/2019 8:47:00 PM,8673,8665,5.907,3.295,2.454,$0.00,--,--,--,NA,NA
45340,SCE_AVT_1302,CRP-2016-0042,SCE_AVT_1302-1038,SCE_AVT_1302-1038-P1,19356-32A-025,1,8/16/2019 9:22:18 AM,8/16/2019 12:59:26 PM,13028,13020,23.281,6.589,6.437,$0.00,--,--,--,NA,NA
45431,SCE_AVT_1302,CRP-2016-0042,SCE_AVT_1302-1038,SCE_AVT_1302-1038-P1,19356-32A-025,1,8/17/2019 8:15:14 AM,8/17/2019 10:38:53 AM,8619,8611,15.422,6.634,6.447,$0.00,--,--,--,NA,NA
45443,SCE_AVT_1302,CRP-2016-0042,SCE_AVT_1302-1038,SCE_AVT_1302-1038-P1,19356-32A-025,1,8/17/2019 11:20:19 AM,8/17/2019 11:26:10 AM,351,343,0.296,3.36,3.107,$0.00,--,--,--,NA,NA
45445,SCE_AVT_1302,CRP-2016-0042,SCE_AVT_1302-1038,SCE_AVT_1302-1038-P1,19356-32A-025,1,8/17/2019 11:32:36 AM,8/17/2019 11:53:13 AM,1237,1230,2.203,6.581,6.448,$0.00,--,--,--,NA,NA
45464,SCE_AVT_1302,CRP-2016-0042,SCE_AVT_1302-1038,SCE_AVT_1302-1038-P1,19356-32A-025,1,8/17/2019 6:15:20 PM,8/17/2019 7:20:45 PM,3925,3917,7.018,6.65,6.45,$0.00,--,--,--,NA,NA
45474,SCE_AVT_1302,CRP-2016-0042,SCE_AVT_1302-1038,SCE_AVT_1302-1038-P1,19356-32A-025,1,8/18/2019 7:32:01 AM,8/18/2019 9:36:52 AM,7491,7483,6.383,3.781,3.071,$0.00,--,--,--,NA,NA
45503,SCE_AVT_1302,CRP-2016-0042,SCE_AVT_1302-1038,SCE_AVT_1302-1038-P1,19356-32A-025,1,8/18/2019 3:16:34 PM,8/18/2019 4:15:52 PM,3558,3550,2.223,3.257,2.254,$0.00,--,--,--,NA,NA
45506,SCE_AVT_1302,CRP-2016-0042,SCE_AVT_1302-1038,SCE_AVT_1302-1038-P1,19356-32A-025,1,8/18/2019 4:38:20 PM,8/18/2019 7:53:32 PM,11712,11704,14.196,6.52,4.367,$0.00,--,--,--,NA,NA
45543,SCE_AVT_1302,CRP-2016-0042,SCE_AVT_1302-1038,SCE_AVT_1302-1038-P1,19356-32A-025,1,8/19/2019 6:58:07 AM,8/19/2019 3:38:26 PM,31219,31211,18.869,6.716,2.176,$0.00,--,--,--,NA,NA
45706,SCE_AVT_1302,CRP-2016-0042,SCE_AVT_1302-1038,SCE_AVT_1302-1038-P1,19356-32A-025,1,8/19/2019 6:57:10 PM,8/19/2019 8:46:12 PM,6542,6534,6.758,3.794,3.723,$0.00,--,--,--,NA,NA
45896,SCE_AVT_1302,CRP-2016-0042,SCE_AVT_1302-1038,SCE_AVT_1302-1038-P1,19356-32A-025,1,8/20/2019 7:22:15 PM,8/20/2019 9:13:23 PM,6668,6660,11.975,6.651,6.473,$0.00,--,--,--,NA,NA
46082,SCE_AVT_1302,CRP-2016-0042,SCE_AVT_1302-1038,SCE_AVT_1302-1038-P1,19356-32A-025,1,8/21/2019 8:03:06 PM,8/21/2019 10:36:47 PM,9221,9213,6.471,3.466,2.529,$0.00,--,--,--,NA,NA
46086,SCE_AVT_1302,CRP-2016-0042,SCE_AVT_1302-1038,SCE_AVT_1302-1038-P1,19356-32A-025,1,8/21/2019 11:22:50 PM,8/21/2019 11:41:17 PM,1107,1099,1.024,3.416,3.354,$0.00,--,--,--,NA,NA
46133,SCE_AVT_1302,CRP-2016-0042,SCE_AVT_1302-1038,SCE_AVT_1302-1038-P1,19356-32A-025,1,8/22/2019 7:42:03 AM,8/22/2019 9:05:16 AM,4993,4989,9.021,6.677,6.509,$0.00,--,--,--,NA,NA
46473,SCE_AVT_1302,CRP-2016-0042,SCE_AVT_1302-1038,SCE_AVT_1302-1038-P1,19356-32A-025,1,8/23/2019 3:42:33 PM,8/23/2019 5:08:00 PM,5127,5123,9.279,6.685,6.52,$0.00,--,--,--,NA,NA
46493,SCE_AVT_1302,CRP-2016-0042,SCE_AVT_1302-1038,SCE_AVT_1302-1038-P1,19356-32A-025,1,8/23/2019 6:23:43 PM,8/23/2019 10:13:08 PM,13765,13757,24.622,6.618,6.443,$0.00,--,--,--,NA,NA
46512,SCE_AVT_1302,CRP-2016-0042,SCE_AVT_1302-1038,SCE_AVT_1302-1038-P1,19356-32A-025,1,8/24/2019 7:43:53 AM,8/24/2019 9:41:19 AM,7046,7038,12.453,6.572,6.37,$0.00,--,--,--,NA,NA
46525,SCE_AVT_1302,CRP-2016-0042,SCE_AVT_1302-1038,SCE_AVT_1302-1038-P1,19356-32A-025,1,8/24/2019 9:43:09 AM,8/24/2019 9:49:27 AM,378,370,0.598,5.981,5.818,$0.00,--,--,--,NA,NA
46533,SCE_AVT_1302,CRP-2016-0042,SCE_AVT_1302-1038,SCE_AVT_1302-1038-P1,19356-32A-025,1,8/24/2019 11:32:30 AM,8/24/2019 1:24:21 PM,6711,6703,9.562,6.012,5.135,$0.00,--,--,--,NA,NA
46553,SCE_AVT_1302,CRP-2016-0042,SCE_AVT_1302-1038,SCE_AVT_1302-1038-P1,19356-32A-025,1,8/24/2019 4:50:39 PM,8/24/2019 5:14:18 PM,1419,1411,2.537,6.632,6.473,$0.00,--,--,--,NA,NA
46554,SCE_AVT_1302,CRP-2016-0042,SCE_AVT_1302-1038,SCE_AVT_1302-1038-P1,19356-32A-025,1,8/24/2019 5:38:55 PM,8/24/2019 7:26:38 PM,6463,6455,4.405,3.309,2.457,$0.00,--,--,--,NA,NA
46565,SCE_AVT_1302,CRP-2016-0042,SCE_AVT_1302-1038,SCE_AVT_1302-1038-P1,19356-32A-025,1,8/25/2019 8:19:40 AM,8/25/2019 10:28:16 AM,7716,7708,13.829,6.696,6.459,$0.00,--,--,--,NA,NA
46577,SCE_AVT_1302,CRP-2016-0042,SCE_AVT_1302-1038,SCE_AVT_1302-1038-P1,19356-32A-025,1,8/25/2019 2:11:07 PM,8/25/2019 4:39:33 PM,8906,8898,2.347,6.657,0.95,$0.00,--,--,--,NA,NA
46775,SCE_AVT_1302,CRP-2016-0042,SCE_AVT_1302-1038,SCE_AVT_1302-1038-P1,19356-32A-025,1,8/26/2019 6:59:58 PM,8/26/2019 9:05:36 PM,7538,7534,13.551,6.626,6.475,$0.00,--,--,--,NA,NA
46785,SCE_AVT_1302,CRP-2016-0042,SCE_AVT_1302-1038,SCE_AVT_1302-1038-P1,19356-32A-025,1,8/26/2019 9:32:20 PM,8/27/2019 12:02:05 AM,8985,8977,16.242,6.65,6.513,$0.00,--,--,--,NA,NA
46974,SCE_AVT_1302,CRP-2016-0042,SCE_AVT_1302-1038,SCE_AVT_1302-1038-P1,19356-32A-025,1,8/27/2019 6:18:51 PM,8/27/2019 8:44:43 PM,8752,8744,12.701,5.957,5.229,$0.00,--,--,--,NA,NA
47008,SCE_AVT_1302,CRP-2016-0042,SCE_AVT_1302-1038,SCE_AVT_1302-1038-P1,19356-32A-025,1,8/28/2019 6:54:16 AM,8/28/2019 4:27:11 PM,34375,34371,4.998,3.331,0.523,$0.00,--,--,--,NA,NA
47348,SCE_AVT_1302,CRP-2016-0042,SCE_AVT_1302-1038,SCE_AVT_1302-1038-P1,19356-32A-025,1,8/29/2019 7:23:08 PM,8/29/2019 9:15:11 PM,6723,6715,11.891,6.553,6.375,$0.00,--,--,--,NA,NA
47541,SCE_AVT_1302,CRP-2016-0042,SCE_AVT_1302-1038,SCE_AVT_1302-1038-P1,19356-32A-025,1,8/30/2019 9:02:30 PM,8/30/2019 11:27:35 PM,8705,8697,7.553,3.25,3.126,$0.00,--,--,--,NA,NA
47553,SCE_AVT_1302,CRP-2016-0042,SCE_AVT_1302-1038,SCE_AVT_1302-1038-P1,19356-32A-025,1,8/31/2019 8:24:26 AM,8/31/2019 10:17:36 AM,6790,6782,12.275,6.66,6.516,$0.00,--,--,--,NA,NA
47568,SCE_AVT_1302,CRP-2016-0042,SCE_AVT_1302-1038,SCE_AVT_1302-1038-P1,19356-32A-025,1,8/31/2019 11:23:33 AM,8/31/2019 12:54:42 PM,5469,5462,9.738,6.56,6.418,$0.00,--,--,--,NA,NA
47578,SCE_AVT_1302,CRP-2016-0042,SCE_AVT_1302-1038,SCE_AVT_1302-1038-P1,19356-32A-025,1,8/31/2019 12:56:05 PM,8/31/2019 2:15:26 PM,4761,4752,8.482,6.554,6.426,$0.00,--,--,--,NA,NA
47586,SCE_AVT_1302,CRP-2016-0042,SCE_AVT_1302-1038,SCE_AVT_1302-1038-P1,19356-32A-025,1,8/31/2019 3:07:34 PM,8/31/2019 3:09:25 PM,111,103,0.176,6.521,6.151,$0.00,--,--,--,NA,NA
47587,SCE_AVT_1302,CRP-2016-0042,SCE_AVT_1302-1038,SCE_AVT_1302-1038-P1,19356-32A-025,1,8/31/2019 3:10:12 PM,8/31/2019 10:43:11 PM,27179,27171,8.208,6.569,1.088,$0.00,--,--,--,NA,NA
43121,SCE_AVT_1302,CRP-2016-0042,SCE_AVT_1302-1039,SCE_AVT_1302-1039-P1,19356-32A-025,1,8/01/2019 3:38:22 PM,8/02/2019 1:43:55 AM,36333,36329,13.889,5.953,1.376,$0.00,--,--,--,NA,NA
43377,SCE_AVT_1302,CRP-2016-0042,SCE_AVT_1302-1039,SCE_AVT_1302-1039-P1,19356-32A-025,1,8/02/2019 7:26:43 PM,8/02/2019 8:27:32 PM,3649,3642,6.173,6.271,6.102,$0.00,--,--,--,NA,NA
43384,SCE_AVT_1302,CRP-2016-0042,SCE_AVT_1302-1039,SCE_AVT_1302-1039-P1,19356-32A-025,1,8/03/2019 12:40:44 AM,8/03/2019 6:33:25 AM,21161,21153,37.617,6.554,6.402,$0.00,--,--,--,NA,NA
43397,SCE_AVT_1302,CRP-2016-0042,SCE_AVT_1302-1039,SCE_AVT_1302-1039-P1,19356-32A-025,1,8/03/2019 8:08:16 AM,8/03/2019 9:26:49 AM,4713,4705,8.263,6.486,6.322,$0.00,--,--,--,NA,NA
43403,SCE_AVT_1302,CRP-2016-0042,SCE_AVT_1302-1039,SCE_AVT_1302-1039-P1,19356-32A-025,1,8/03/2019 9:34:14 AM,8/03/2019 11:09:12 AM,5698,5690,9.07,5.907,5.738,$0.00,--,--,--,NA,NA
43419,SCE_AVT_1302,CRP-2016-0042,SCE_AVT_1302-1039,SCE_AVT_1302-1039-P1,19356-32A-025,1,8/03/2019 1:23:15 PM,8/03/2019 1:56:41 PM,2006,1998,1.248,2.358,2.249,$0.00,--,--,--,NA,NA
43421,SCE_AVT_1302,CRP-2016-0042,SCE_AVT_1302-1039,SCE_AVT_1302-1039-P1,19356-32A-025,1,8/03/2019 2:07:04 PM,8/03/2019 6:43:06 PM,16562,16554,15.718,3.49,3.418,$0.00,--,--,--,NA,NA
43439,SCE_AVT_1302,CRP-2016-0042,SCE_AVT_1302-1039,SCE_AVT_1302-1039-P1,19356-32A-025,1,8/04/2019 7:19:23 AM,8/04/2019 8:52:23 AM,5580,5572,6.776,6.326,4.378,$0.00,--,--,--,NA,NA
43449,SCE_AVT_1302,CRP-2016-0042,SCE_AVT_1302-1039,SCE_AVT_1302-1039-P1,19356-32A-025,1,8/04/2019 12:08:22 PM,8/04/2019 2:04:41 PM,6979,6971,6.173,3.285,3.188,$0.00,--,--,--,NA,NA
43459,SCE_AVT_1302,CRP-2016-0042,SCE_AVT_1302-1039,SCE_AVT_1302-1039-P1,19356-32A-025,1,8/04/2019 2:55:12 PM,8/04/2019 4:39:25 PM,6253,6246,11.065,6.519,6.378,$0.00,--,--,--,NA,NA
43468,SCE_AVT_1302,CRP-2016-0042,SCE_AVT_1302-1039,SCE_AVT_1302-1039-P1,19356-32A-025,1,8/04/2019 6:51:58 PM,8/04/2019 8:44:12 PM,6734,6727,11.771,6.483,6.299,$0.00,--,--,--,NA,NA
43647,SCE_AVT_1302,CRP-2016-0042,SCE_AVT_1302-1039,SCE_AVT_1302-1039-P1,19356-32A-025,1,8/05/2019 7:39:38 PM,8/05/2019 9:53:06 PM,8008,8000,5.92,3.314,2.664,$0.00,--,--,--,NA,NA
43831,SCE_AVT_1302,CRP-2016-0042,SCE_AVT_1302-1039,SCE_AVT_1302-1039-P1,19356-32A-025,1,8/06/2019 6:47:29 PM,8/06/2019 7:37:16 PM,2987,2979,4.81,6.005,5.813,$0.00,--,--,--,NA,NA
43839,SCE_AVT_1302,CRP-2016-0042,SCE_AVT_1302-1039,SCE_AVT_1302-1039-P1,19356-32A-025,1,8/06/2019 8:24:21 PM,8/06/2019 10:37:13 PM,7972,7964,6.049,3.331,2.734,$0.00,--,--,--,NA,NA
43998,SCE_AVT_1302,CRP-2016-0042,SCE_AVT_1302-1039,SCE_AVT_1302-1039-P1,19356-32A-025,1,8/07/2019 5:04:06 PM,8/07/2019 5:55:43 PM,3097,3089,5.349,6.387,6.234,$0.00,--,--,--,NA,NA
44011,SCE_AVT_1302,CRP-2016-0042,SCE_AVT_1302-1039,SCE_AVT_1302-1039-P1,19356-32A-025,1,8/07/2019 8:08:15 PM,8/07/2019 10:53:02 PM,9887,9879,5.968,3.337,2.175,$0.00,--,--,--,NA,NA
44166,SCE_AVT_1302,CRP-2016-0042,SCE_AVT_1302-1039,SCE_AVT_1302-1039-P1,19356-32A-025,1,8/08/2019 3:35:25 PM,8/08/2019 6:30:07 PM,10482,10474,5.01,3.301,1.722,$0.00,--,--,--,NA,NA
44178,SCE_AVT_1302,CRP-2016-0042,SCE_AVT_1302-1039,SCE_AVT_1302-1039-P1,19356-32A-025,1,8/08/2019 7:53:12 PM,8/08/2019 8:52:50 PM,3578,3571,6.21,6.462,6.26,$0.00,--,--,--,NA,NA
44214,SCE_AVT_1302,CRP-2016-0042,SCE_AVT_1302-1039,SCE_AVT_1302-1039-P1,19356-32A-025,1,8/09/2019 7:20:04 AM,8/09/2019 8:32:27 AM,4343,4335,2.973,3.295,2.469,$0.00,--,--,--,NA,NA
44316,SCE_AVT_1302,CRP-2016-0042,SCE_AVT_1302-1039,SCE_AVT_1302-1039-P1,19356-32A-025,1,8/09/2019 12:29:48 PM,8/09/2019 1:43:30 PM,4422,4414,4.046,3.361,3.3,$0.00,--,--,--,NA,NA
44386,SCE_AVT_1302,CRP-2016-0042,SCE_AVT_1302-1039,SCE_AVT_1302-1039-P1,19356-32A-025,1,8/10/2019 8:03:56 AM,8/10/2019 9:51:23 AM,6447,6439,3.644,3.239,2.037,$0.00,--,--,--,NA,NA
44413,SCE_AVT_1302,CRP-2016-0042,SCE_AVT_1302-1039,SCE_AVT_1302-1039-P1,19356-32A-025,1,8/10/2019 5:18:31 PM,8/10/2019 5:41:50 PM,1399,1391,1.233,3.337,3.191,$0.00,--,--,--,NA,NA
44418,SCE_AVT_1302,CRP-2016-0042,SCE_AVT_1302-1039,SCE_AVT_1302-1039-P1,19356-32A-025,1,8/10/2019 6:05:28 PM,8/10/2019 10:16:18 PM,15050,15042,5.148,3.421,1.232,$0.00,--,--,--,NA,NA
44429,SCE_AVT_1302,CRP-2016-0042,SCE_AVT_1302-1039,SCE_AVT_1302-1039-P1,19356-32A-025,1,8/11/2019 10:10:56 AM,8/11/2019 11:09:47 AM,3531,3527,3.083,3.291,3.147,$0.00,--,--,--,NA,NA
44439,SCE_AVT_1302,CRP-2016-0042,SCE_AVT_1302-1039,SCE_AVT_1302-1039-P1,19356-32A-025,1,8/11/2019 1:43:36 PM,8/11/2019 4:17:41 PM,9245,9237,16.243,6.464,6.33,$0.00,--,--,--,NA,NA
44452,SCE_AVT_1302,CRP-2016-0042,SCE_AVT_1302-1039,SCE_AVT_1302-1039-P1,19356-32A-025,1,8/11/2019 6:57:29 PM,8/11/2019 9:22:18 PM,8689,8681,15.307,6.476,6.348,$0.00,--,--,--,NA,NA
44651,SCE_AVT_1302,CRP-2016-0042,SCE_AVT_1302-1039,SCE_AVT_1302-1039-P1,19356-32A-025,1,8/12/2019 6:08:17 PM,8/12/2019 7:33:04 PM,5087,5079,8.687,6.269,6.157,$0.00,--,--,--,NA,NA
44660,SCE_AVT_1302,CRP-2016-0042,SCE_AVT_1302-1039,SCE_AVT_1302-1039-P1,19356-32A-025,1,8/12/2019 7:46:32 PM,8/12/2019 8:36:15 PM,2983,2975,2.687,3.312,3.251,$0.00,--,--,--,NA,NA
44665,SCE_AVT_1302,CRP-2016-0042,SCE_AVT_1302-1039,SCE_AVT_1302-1039-P1,19356-32A-025,1,8/12/2019 9:06:56 PM,8/12/2019 11:58:17 PM,10281,10274,18.281,6.553,6.406,$0.00,--,--,--,NA,NA
44879,SCE_AVT_1302,CRP-2016-0042,SCE_AVT_1302-1039,SCE_AVT_1302-1039-P1,19356-32A-025,1,8/14/2019 7:06:02 AM,8/14/2019 12:25:41 PM,19179,19171,5.143,3.295,0.966,$0.00,--,--,--,NA,NA
45029,SCE_AVT_1302,CRP-2016-0042,SCE_AVT_1302-1039,SCE_AVT_1302-1039-P1,19356-32A-025,1,8/14/2019 7:35:29 PM,8/14/2019 8:45:10 PM,4181,4173,7.299,6.472,6.297,$0.00,--,--,--,NA,NA
45206,SCE_AVT_1302,CRP-2016-0042,SCE_AVT_1302-1039,SCE_AVT_1302-1039-P1,19356-32A-025,1,8/15/2019 6:04:35 PM,8/15/2019 8:33:56 PM,8961,8953,15.934,6.574,6.407,$0.00,--,--,--,NA,NA
45341,SCE_AVT_1302,CRP-2016-0042,SCE_AVT_1302-1039,SCE_AVT_1302-1039-P1,19356-32A-025,1,8/16/2019 9:22:26 AM,8/16/2019 4:21:35 PM,25149,25145,28.534,6.587,4.085,$0.00,--,--,--,NA,NA
45403,SCE_AVT_1302,CRP-2016-0042,SCE_AVT_1302-1039,SCE_AVT_1302-1039-P1,19356-32A-025,1,8/16/2019 4:34:16 PM,8/16/2019 5:47:22 PM,4386,4378,7.636,6.416,6.279,$0.00,--,--,--,NA,NA
45409,SCE_AVT_1302,CRP-2016-0042,SCE_AVT_1302-1039,SCE_AVT_1302-1039-P1,19356-32A-025,1,8/16/2019 6:49:37 PM,8/16/2019 9:03:13 PM,8016,8008,14.08,6.546,6.33,$0.00,--,--,--,NA,NA
45439,SCE_AVT_1302,CRP-2016-0042,SCE_AVT_1302-1039,SCE_AVT_1302-1039-P1,19356-32A-025,1,8/17/2019 10:34:32 AM,8/17/2019 12:39:31 PM,7499,7491,6.008,3.314,2.887,$0.00,--,--,--,NA,NA
45451,SCE_AVT_1302,CRP-2016-0042,SCE_AVT_1302-1039,SCE_AVT_1302-1039-P1,19356-32A-025,1,8/17/2019 1:41:59 PM,8/17/2019 3:26:36 PM,6277,6269,9.111,6.432,5.232,$0.00,--,--,--,NA,NA
45462,SCE_AVT_1302,CRP-2016-0042,SCE_AVT_1302-1039,SCE_AVT_1302-1039-P1,19356-32A-025,1,8/17/2019 4:35:10 PM,8/17/2019 5:52:32 PM,4642,4634,4.015,3.238,3.119,$0.00,--,--,--,NA,NA
45480,SCE_AVT_1302,CRP-2016-0042,SCE_AVT_1302-1039,SCE_AVT_1302-1039-P1,19356-32A-025,1,8/18/2019 9:03:10 AM,8/18/2019 11:18:00 AM,8090,8082,6.909,3.414,3.078,$0.00,--,--,--,NA,NA
45490,SCE_AVT_1302,CRP-2016-0042,SCE_AVT_1302-1039,SCE_AVT_1302-1039-P1,19356-32A-025,1,8/18/2019 11:26:40 AM,8/18/2019 12:59:40 PM,5580,5572,9.529,6.298,6.157,$0.00,--,--,--,NA,NA
45498,SCE_AVT_1302,CRP-2016-0042,SCE_AVT_1302-1039,SCE_AVT_1302-1039-P1,19356-32A-025,1,8/18/2019 1:09:00 PM,8/18/2019 2:26:26 PM,4646,4638,1.084,2.322,0.841,$0.00,--,--,--,NA,NA
45502,SCE_AVT_1302,CRP-2016-0042,SCE_AVT_1302-1039,SCE_AVT_1302-1039-P1,19356-32A-025,1,8/18/2019 2:41:44 PM,8/18/2019 4:16:07 PM,5663,5655,9.235,6.053,5.879,$0.00,--,--,--,NA,NA
45508,SCE_AVT_1302,CRP-2016-0042,SCE_AVT_1302-1039,SCE_AVT_1302-1039-P1,19356-32A-025,1,8/18/2019 5:01:10 PM,8/18/2019 6:58:01 PM,7011,7003,12.356,6.552,6.352,$0.00,--,--,--,NA,NA
45897,SCE_AVT_1302,CRP-2016-0042,SCE_AVT_1302-1039,SCE_AVT_1302-1039-P1,19356-32A-025,1,8/20/2019 7:34:50 PM,8/20/2019 8:33:14 PM,3504,3500,3.204,3.354,3.296,$0.00,--,--,--,NA,NA
46287,SCE_AVT_1302,CRP-2016-0042,SCE_AVT_1302-1039,SCE_AVT_1302-1039-P1,19356-32A-025,1,8/22/2019 7:10:23 PM,8/22/2019 7:31:36 PM,1273,1269,2.173,6.381,6.165,$0.00,--,--,--,NA,NA
46291,SCE_AVT_1302,CRP-2016-0042,SCE_AVT_1302-1039,SCE_AVT_1302-1039-P1,19356-32A-025,1,8/22/2019 7:43:14 PM,8/22/2019 8:42:36 PM,3562,3554,3.595,3.798,3.642,$0.00,--,--,--,NA,NA
46301,SCE_AVT_1302,CRP-2016-0042,SCE_AVT_1302-1039,SCE_AVT_1302-1039-P1,19356-32A-025,1,8/22/2019 11:15:26 PM,8/23/2019 6:47:57 AM,27151,27143,12.166,5.908,1.614,$0.00,--,--,--,NA,NA
46433,SCE_AVT_1302,CRP-2016-0042,SCE_AVT_1302-1039,SCE_AVT_1302-1039-P1,19356-32A-025,1,8/23/2019 11:24:12 AM,8/23/2019 11:19:30 PM,42918,42910,15.565,5.928,1.306,$0.00,--,--,--,NA,NA
46513,SCE_AVT_1302,CRP-2016-0042,SCE_AVT_1302-1039,SCE_AVT_1302-1039-P1,19356-32A-025,1,8/24/2019 7:49:57 AM,8/24/2019 9:09:13 AM,4756,4752,4.207,3.299,3.187,$0.00,--,--,--,NA,NA
46522,SCE_AVT_1302,CRP-2016-0042,SCE_AVT_1302-1039,SCE_AVT_1302-1039-P1,19356-32A-025,1,8/24/2019 9:28:00 AM,8/24/2019 11:29:38 AM,7298,7290,6.2,3.185,3.062,$0.00,--,--,--,NA,NA
46540,SCE_AVT_1302,CRP-2016-0042,SCE_AVT_1302-1039,SCE_AVT_1302-1039-P1,19356-32A-025,1,8/24/2019 12:05:26 PM,8/24/2019 2:01:29 PM,6963,6955,5.985,3.287,3.098,$0.00,--,--,--,NA,NA
46546,SCE_AVT_1302,CRP-2016-0042,SCE_AVT_1302-1039,SCE_AVT_1302-1039-P1,19356-32A-025,1,8/24/2019 2:24:09 PM,8/24/2019 2:24:17 PM,8,0,0,0,0,$0.00,--,--,--,NA,NA
46547,SCE_AVT_1302,CRP-2016-0042,SCE_AVT_1302-1039,SCE_AVT_1302-1039-P1,19356-32A-025,1,8/24/2019 2:25:04 PM,8/24/2019 4:31:06 PM,7562,7554,13.119,6.443,6.252,$0.00,--,--,--,NA,NA
46556,SCE_AVT_1302,CRP-2016-0042,SCE_AVT_1302-1039,SCE_AVT_1302-1039-P1,19356-32A-025,1,8/24/2019 5:50:19 PM,8/24/2019 8:35:22 PM,9903,9895,4.238,3.384,1.542,$0.00,--,--,--,NA,NA
46567,SCE_AVT_1302,CRP-2016-0042,SCE_AVT_1302-1039,SCE_AVT_1302-1039-P1,19356-32A-025,1,8/25/2019 8:53:47 AM,8/25/2019 10:57:51 AM,7444,7440,12.18,6.063,5.894,$0.00,--,--,--,NA,NA
46579,SCE_AVT_1302,CRP-2016-0042,SCE_AVT_1302-1039,SCE_AVT_1302-1039-P1,19356-32A-025,1,8/25/2019 2:50:48 PM,8/25/2019 4:06:20 PM,4532,4524,3.979,3.394,3.166,$0.00,--,--,--,NA,NA
46585,SCE_AVT_1302,CRP-2016-0042,SCE_AVT_1302-1039,SCE_AVT_1302-1039-P1,19356-32A-025,1,8/25/2019 4:20:43 PM,8/25/2019 5:36:38 PM,4555,4548,1.913,3.249,1.514,$0.00,--,--,--,NA,NA
46590,SCE_AVT_1302,CRP-2016-0042,SCE_AVT_1302-1039,SCE_AVT_1302-1039-P1,19356-32A-025,1,8/25/2019 6:32:20 PM,8/25/2019 9:10:25 PM,9485,9478,16.194,6.284,6.151,$0.00,--,--,--,NA,NA
47039,SCE_AVT_1302,CRP-2016-0042,SCE_AVT_1302-1039,SCE_AVT_1302-1039-P1,19356-32A-025,1,8/28/2019 8:21:03 AM,8/28/2019 9:45:34 AM,5071,5067,8.399,6.146,5.967,$0.00,--,--,--,NA,NA
47524,SCE_AVT_1302,CRP-2016-0042,SCE_AVT_1302-1039,SCE_AVT_1302-1039-P1,19356-32A-025,1,8/30/2019 4:37:10 PM,8/30/2019 5:26:37 PM,2967,2963,2.718,3.396,3.302,$0.00,--,--,--,NA,NA
47529,SCE_AVT_1302,CRP-2016-0042,SCE_AVT_1302-1039,SCE_AVT_1302-1039-P1,19356-32A-025,1,8/30/2019 6:14:30 PM,8/30/2019 8:41:25 PM,8815,8807,7.756,3.388,3.17,$0.00,--,--,--,NA,NA
47560,SCE_AVT_1302,CRP-2016-0042,SCE_AVT_1302-1039,SCE_AVT_1302-1039-P1,19356-32A-025,1,8/31/2019 9:36:05 AM,8/31/2019 12:28:45 PM,10360,10352,10.021,6.001,3.485,$0.00,--,--,--,NA,NA
47576,SCE_AVT_1302,CRP-2016-0042,SCE_AVT_1302-1039,SCE_AVT_1302-1039-P1,19356-32A-025,1,8/31/2019 12:38:36 PM,8/31/2019 5:02:58 PM,15862,15854,18.449,5.927,4.189,$0.00,--,--,--,NA,NA
47594,SCE_AVT_1302,CRP-2016-0042,SCE_AVT_1302-1039,SCE_AVT_1302-1039-P1,19356-32A-025,1,8/31/2019 5:18:04 PM,8/31/2019 7:16:17 PM,7093,7085,12.501,6.486,6.352,$0.00,--,--,--,NA,NA
47602,SCE_AVT_1302,CRP-2016-0042,SCE_AVT_1302-1039,SCE_AVT_1302-1039-P1,19356-32A-025,1,8/31/2019 7:34:57 PM,8/31/2019 8:56:27 PM,4890,4883,8.676,6.535,6.396,$0.00,--,--,--,NA,NA
43140,SCE_AVT_1302,CRP-2016-0042,SCE_AVT_1302-1040,SCE_AVT_1302-1040-P1,19356-32A-025,1,8/01/2019 6:44:32 PM,8/01/2019 8:23:19 PM,5927,5923,10.378,6.472,6.308,$0.00,--,--,--,NA,NA
43152,SCE_AVT_1302,CRP-2016-0042,SCE_AVT_1302-1040,SCE_AVT_1302-1040-P1,19356-32A-025,1,8/01/2019 8:35:13 PM,8/01/2019 10:30:52 PM,6939,6932,12.106,6.499,6.287,$0.00,--,--,--,NA,NA
43181,SCE_AVT_1302,CRP-2016-0042,SCE_AVT_1302-1040,SCE_AVT_1302-1040-P1,19356-32A-025,1,8/02/2019 7:12:52 AM,8/02/2019 10:00:49 AM,10077,10069,12.022,5.914,4.298,$0.00,--,--,--,NA,NA
43339,SCE_AVT_1302,CRP-2016-0042,SCE_AVT_1302-1040,SCE_AVT_1302-1040-P1,19356-32A-025,1,8/02/2019 2:20:22 PM,8/02/2019 3:17:46 PM,3444,3436,5.396,5.858,5.654,$0.00,--,--,--,NA,NA
43355,SCE_AVT_1302,CRP-2016-0042,SCE_AVT_1302-1040,SCE_AVT_1302-1040-P1,19356-32A-025,1,8/02/2019 4:12:21 PM,8/02/2019 6:19:06 PM,7605,7598,11.306,5.921,5.357,$0.00,--,--,--,NA,NA
43373,SCE_AVT_1302,CRP-2016-0042,SCE_AVT_1302-1040,SCE_AVT_1302-1040-P1,19356-32A-025,1,8/02/2019 6:54:07 PM,8/02/2019 7:51:51 PM,3464,3456,5.471,6.137,5.699,$0.00,--,--,--,NA,NA
43382,SCE_AVT_1302,CRP-2016-0042,SCE_AVT_1302-1040,SCE_AVT_1302-1040-P1,19356-32A-025,1,8/02/2019 8:35:15 PM,8/02/2019 10:28:37 PM,6802,6794,4.491,3.306,2.38,$0.00,--,--,--,NA,NA
43412,SCE_AVT_1302,CRP-2016-0042,SCE_AVT_1302-1040,SCE_AVT_1302-1040-P1,19356-32A-025,1,8/03/2019 12:00:51 PM,8/03/2019 1:18:33 PM,4662,4658,3.182,3.256,2.459,$0.00,--,--,--,NA,NA
43417,SCE_AVT_1302,CRP-2016-0042,SCE_AVT_1302-1040,SCE_AVT_1302-1040-P1,19356-32A-025,1,8/03/2019 1:20:08 PM,8/03/2019 2:42:41 PM,4953,4945,8.603,6.374,6.263,$0.00,--,--,--,NA,NA
43465,SCE_AVT_1302,CRP-2016-0042,SCE_AVT_1302-1040,SCE_AVT_1302-1040-P1,19356-32A-025,1,8/04/2019 6:10:48 PM,8/04/2019 8:02:27 PM,6699,6691,5.8,3.273,3.121,$0.00,--,--,--,NA,NA
43473,SCE_AVT_1302,CRP-2016-0042,SCE_AVT_1302-1040,SCE_AVT_1302-1040-P1,19356-32A-025,1,8/04/2019 8:05:24 PM,8/04/2019 9:56:40 PM,6676,6668,11.513,6.39,6.216,$0.00,--,--,--,NA,NA
44247,SCE_AVT_1302,CRP-2016-0042,SCE_AVT_1302-1040,SCE_AVT_1302-1040-P1,19356-32A-025,1,8/09/2019 8:19:37 AM,8/09/2019 12:07:15 PM,13658,13654,23.778,6.434,6.269,$0.00,--,--,--,NA,NA
44353,SCE_AVT_1302,CRP-2016-0042,SCE_AVT_1302-1040,SCE_AVT_1302-1040-P1,19356-32A-025,1,8/09/2019 2:48:57 PM,8/09/2019 5:19:29 PM,9032,9024,14.374,5.951,5.734,$0.00,--,--,--,NA,NA
44383,SCE_AVT_1302,CRP-2016-0042,SCE_AVT_1302-1040,SCE_AVT_1302-1040-P1,19356-32A-025,1,8/10/2019 7:35:00 AM,8/10/2019 9:47:52 AM,7972,7964,13.963,6.526,6.312,$0.00,--,--,--,NA,NA
44394,SCE_AVT_1302,CRP-2016-0042,SCE_AVT_1302-1040,SCE_AVT_1302-1040-P1,19356-32A-025,1,8/10/2019 10:12:38 AM,8/10/2019 2:37:03 PM,15865,15857,23.977,6.469,5.443,$0.00,--,--,--,NA,NA
44417,SCE_AVT_1302,CRP-2016-0042,SCE_AVT_1302-1040,SCE_AVT_1302-1040-P1,19356-32A-025,1,8/10/2019 5:56:46 PM,8/10/2019 6:33:49 PM,2223,2215,2.007,3.308,3.262,$0.00,--,--,--,NA,NA
44419,SCE_AVT_1302,CRP-2016-0042,SCE_AVT_1302-1040,SCE_AVT_1302-1040-P1,19356-32A-025,1,8/10/2019 7:05:40 PM,8/10/2019 7:55:51 PM,3011,3003,4.109,6.112,4.926,$0.00,--,--,--,NA,NA
44428,SCE_AVT_1302,CRP-2016-0042,SCE_AVT_1302-1040,SCE_AVT_1302-1040-P1,19356-32A-025,1,8/11/2019 9:51:24 AM,8/11/2019 11:41:05 AM,6581,6577,10.4,5.821,5.693,$0.00,--,--,--,NA,NA
44435,SCE_AVT_1302,CRP-2016-0042,SCE_AVT_1302-1040,SCE_AVT_1302-1040-P1,19356-32A-025,1,8/11/2019 12:59:57 PM,8/11/2019 2:57:16 PM,7039,7031,6.425,3.341,3.29,$0.00,--,--,--,NA,NA
44444,SCE_AVT_1302,CRP-2016-0042,SCE_AVT_1302-1040,SCE_AVT_1302-1040-P1,19356-32A-025,1,8/11/2019 4:14:38 PM,8/11/2019 7:46:42 PM,12724,12716,14.115,6.331,3.996,$0.00,--,--,--,NA,NA
44655,SCE_AVT_1302,CRP-2016-0042,SCE_AVT_1302-1040,SCE_AVT_1302-1040-P1,19356-32A-025,1,8/12/2019 6:59:04 PM,8/12/2019 9:04:03 PM,7499,7495,9.817,5.865,4.715,$0.00,--,--,--,NA,NA
45346,SCE_AVT_1302,CRP-2016-0042,SCE_AVT_1302-1040,SCE_AVT_1302-1040-P1,19356-32A-025,1,8/16/2019 10:38:56 AM,8/16/2019 12:39:43 PM,7247,7243,12.64,6.547,6.282,$0.00,--,--,--,NA,NA
45410,SCE_AVT_1302,CRP-2016-0042,SCE_AVT_1302-1040,SCE_AVT_1302-1040-P1,19356-32A-025,1,8/16/2019 6:59:16 PM,8/16/2019 8:57:53 PM,7117,7109,12.239,6.4,6.198,$0.00,--,--,--,NA,NA
45425,SCE_AVT_1302,CRP-2016-0042,SCE_AVT_1302-1040,SCE_AVT_1302-1040-P1,19356-32A-025,1,8/17/2019 6:21:59 AM,8/17/2019 8:46:05 AM,8646,8642,15.041,6.446,6.266,$0.00,--,--,--,NA,NA
45440,SCE_AVT_1302,CRP-2016-0042,SCE_AVT_1302-1040,SCE_AVT_1302-1040-P1,19356-32A-025,1,8/17/2019 10:49:13 AM,8/17/2019 2:03:22 PM,11649,11641,20.372,6.473,6.3,$0.00,--,--,--,NA,NA
45460,SCE_AVT_1302,CRP-2016-0042,SCE_AVT_1302-1040,SCE_AVT_1302-1040-P1,19356-32A-025,1,8/17/2019 4:13:09 PM,8/17/2019 5:31:34 PM,4705,4697,8.226,6.465,6.305,$0.00,--,--,--,NA,NA
45468,SCE_AVT_1302,CRP-2016-0042,SCE_AVT_1302-1040,SCE_AVT_1302-1040-P1,19356-32A-025,1,8/17/2019 7:14:49 PM,8/17/2019 7:36:02 PM,1273,1265,1.05,3.104,2.988,$0.00,--,--,--,NA,NA
45477,SCE_AVT_1302,CRP-2016-0042,SCE_AVT_1302-1040,SCE_AVT_1302-1040-P1,19356-32A-025,1,8/18/2019 7:52:28 AM,8/18/2019 10:42:19 AM,10191,10187,11.881,6.431,4.199,$0.00,--,--,--,NA,NA
45494,SCE_AVT_1302,CRP-2016-0042,SCE_AVT_1302-1040,SCE_AVT_1302-1040-P1,19356-32A-025,1,8/18/2019 12:27:32 PM,8/18/2019 2:10:03 PM,6151,6143,10.66,6.4,6.247,$0.00,--,--,--,NA,NA
45514,SCE_AVT_1302,CRP-2016-0042,SCE_AVT_1302-1040,SCE_AVT_1302-1040-P1,19356-32A-025,1,8/18/2019 6:37:45 PM,8/18/2019 8:32:53 PM,6908,6900,11.936,6.407,6.227,$0.00,--,--,--,NA,NA
45517,SCE_AVT_1302,CRP-2016-0042,SCE_AVT_1302-1040,SCE_AVT_1302-1040-P1,19356-32A-025,1,8/18/2019 10:09:42 PM,8/18/2019 11:14:03 PM,3861,3854,6.788,6.482,6.341,$0.00,--,--,--,NA,NA
45713,SCE_AVT_1302,CRP-2016-0042,SCE_AVT_1302-1040,SCE_AVT_1302-1040-P1,19356-32A-025,1,8/19/2019 8:37:52 PM,8/19/2019 10:39:02 PM,7270,7262,12.66,6.437,6.276,$0.00,--,--,--,NA,NA
46084,SCE_AVT_1302,CRP-2016-0042,SCE_AVT_1302-1040,SCE_AVT_1302-1040-P1,19356-32A-025,1,8/21/2019 9:12:38 PM,8/21/2019 10:46:25 PM,5627,5623,9.705,6.41,6.213,$0.00,--,--,--,NA,NA
46281,SCE_AVT_1302,CRP-2016-0042,SCE_AVT_1302-1040,SCE_AVT_1302-1040-P1,19356-32A-025,1,8/22/2019 6:43:28 PM,8/22/2019 8:08:11 PM,5083,5079,8.658,6.312,6.137,$0.00,--,--,--,NA,NA
46295,SCE_AVT_1302,CRP-2016-0042,SCE_AVT_1302-1040,SCE_AVT_1302-1040-P1,19356-32A-025,1,8/22/2019 8:12:23 PM,8/22/2019 10:05:02 PM,6759,6751,11.625,6.375,6.199,$0.00,--,--,--,NA,NA
46479,SCE_AVT_1302,CRP-2016-0042,SCE_AVT_1302-1040,SCE_AVT_1302-1040-P1,19356-32A-025,1,8/23/2019 3:58:20 PM,8/23/2019 6:45:37 PM,10037,10033,15.577,6.166,5.589,$0.00,--,--,--,NA,NA
46501,SCE_AVT_1302,CRP-2016-0042,SCE_AVT_1302-1040,SCE_AVT_1302-1040-P1,19356-32A-025,1,8/23/2019 7:41:15 PM,8/23/2019 8:32:09 PM,3054,3046,2.655,3.225,3.138,$0.00,--,--,--,NA,NA
46518,SCE_AVT_1302,CRP-2016-0042,SCE_AVT_1302-1040,SCE_AVT_1302-1040-P1,19356-32A-025,1,8/24/2019 8:29:48 AM,8/24/2019 10:01:57 AM,5529,5521,8.283,6.407,5.401,$0.00,--,--,--,NA,NA
46541,SCE_AVT_1302,CRP-2016-0042,SCE_AVT_1302-1040,SCE_AVT_1302-1040-P1,19356-32A-025,1,8/24/2019 12:15:24 PM,8/24/2019 1:55:34 PM,6010,6002,8.517,5.851,5.108,$0.00,--,--,--,NA,NA
46557,SCE_AVT_1302,CRP-2016-0042,SCE_AVT_1302-1040,SCE_AVT_1302-1040-P1,19356-32A-025,1,8/24/2019 6:04:33 PM,8/24/2019 10:13:32 PM,14939,14931,26.246,6.46,6.328,$0.00,--,--,--,NA,NA
46569,SCE_AVT_1302,CRP-2016-0042,SCE_AVT_1302-1040,SCE_AVT_1302-1040-P1,19356-32A-025,1,8/25/2019 9:43:01 AM,8/25/2019 11:24:18 AM,6077,6069,5.516,3.322,3.272,$0.00,--,--,--,NA,NA
46576,SCE_AVT_1302,CRP-2016-0042,SCE_AVT_1302-1040,SCE_AVT_1302-1040-P1,19356-32A-025,1,8/25/2019 1:39:43 PM,8/25/2019 3:37:21 PM,7058,7050,12.369,6.448,6.316,$0.00,--,--,--,NA,NA
46582,SCE_AVT_1302,CRP-2016-0042,SCE_AVT_1302-1040,SCE_AVT_1302-1040-P1,19356-32A-025,1,8/25/2019 3:52:00 PM,8/25/2019 5:26:27 PM,5667,5658,9.255,6.458,5.889,$0.00,--,--,--,NA,NA
46594,SCE_AVT_1302,CRP-2016-0042,SCE_AVT_1302-1040,SCE_AVT_1302-1040-P1,19356-32A-025,1,8/25/2019 9:17:30 PM,8/25/2019 9:32:36 PM,906,898,1.374,6.292,5.508,$0.00,--,--,--,NA,NA
46963,SCE_AVT_1302,CRP-2016-0042,SCE_AVT_1302-1040,SCE_AVT_1302-1040-P1,19356-32A-025,1,8/27/2019 3:50:35 PM,8/27/2019 6:20:16 PM,8981,8977,5.343,3.257,2.143,$0.00,--,--,--,NA,NA
46978,SCE_AVT_1302,CRP-2016-0042,SCE_AVT_1302-1040,SCE_AVT_1302-1040-P1,19356-32A-025,1,8/27/2019 7:04:00 PM,8/27/2019 8:55:08 PM,6668,6660,10.496,6.151,5.674,$0.00,--,--,--,NA,NA
47149,SCE_AVT_1302,CRP-2016-0042,SCE_AVT_1302-1040,SCE_AVT_1302-1040-P1,19356-32A-025,1,8/28/2019 5:40:54 PM,8/28/2019 7:20:20 PM,5966,5959,10.303,6.4,6.224,$0.00,--,--,--,NA,NA
47347,SCE_AVT_1302,CRP-2016-0042,SCE_AVT_1302-1040,SCE_AVT_1302-1040-P1,19356-32A-025,1,8/29/2019 7:18:29 PM,8/30/2019 6:06:59 AM,38910,38906,52.358,6.493,4.845,$0.00,--,--,--,NA,NA
47490,SCE_AVT_1302,CRP-2016-0042,SCE_AVT_1302-1040,SCE_AVT_1302-1040-P1,19356-32A-025,1,8/30/2019 1:03:47 PM,8/30/2019 1:55:00 PM,3073,3065,5.338,6.417,6.27,$0.00,--,--,--,NA,NA
47531,SCE_AVT_1302,CRP-2016-0042,SCE_AVT_1302-1040,SCE_AVT_1302-1040-P1,19356-32A-025,1,8/30/2019 6:23:26 PM,8/30/2019 9:13:36 PM,10210,10202,14.959,6.416,5.279,$0.00,--,--,--,NA,NA
47550,SCE_AVT_1302,CRP-2016-0042,SCE_AVT_1302-1040,SCE_AVT_1302-1040-P1,19356-32A-025,1,8/31/2019 7:57:42 AM,8/31/2019 7:58:33 AM,51,47,0.032,3.244,2.451,$0.00,--,--,--,NA,NA
47551,SCE_AVT_1302,CRP-2016-0042,SCE_AVT_1302-1040,SCE_AVT_1302-1040-P1,19356-32A-025,1,8/31/2019 7:58:45 AM,8/31/2019 12:15:14 PM,15389,15381,12.042,3.317,2.818,$0.00,--,--,--,NA,NA
47575,SCE_AVT_1302,CRP-2016-0042,SCE_AVT_1302-1040,SCE_AVT_1302-1040-P1,19356-32A-025,1,8/31/2019 12:28:14 PM,8/31/2019 1:53:41 PM,5127,5119,7.176,6.404,5.047,$0.00,--,--,--,NA,NA
47579,SCE_AVT_1302,CRP-2016-0042,SCE_AVT_1302-1040,SCE_AVT_1302-1040-P1,19356-32A-025,1,8/31/2019 2:17:31 PM,8/31/2019 3:53:28 PM,5757,5749,1.169,2.311,0.732,$0.00,--,--,--,NA,NA
47592,SCE_AVT_1302,CRP-2016-0042,SCE_AVT_1302-1040,SCE_AVT_1302-1040-P1,19356-32A-025,1,8/31/2019 4:13:42 PM,8/31/2019 4:56:47 PM,2585,2577,4.511,6.442,6.302,$0.00,--,--,--,NA,NA
47599,SCE_AVT_1302,CRP-2016-0042,SCE_AVT_1302-1040,SCE_AVT_1302-1040-P1,19356-32A-025,1,8/31/2019 6:56:07 PM,8/31/2019 8:02:27 PM,3980,3973,1.324,2.316,1.2,$0.00,--,--,--,NA,NA
43300,SCE_AVT_1302,CRP-2016-0042,SCE_AVT_1302-1041,SCE_AVT_1302-1041-P1,19356-32A-025,1,8/02/2019 12:11:47 PM,8/02/2019 2:16:50 PM,7503,7495,4.942,5.812,2.374,$0.00,--,--,--,NA,NA
43399,SCE_AVT_1302,CRP-2016-0042,SCE_AVT_1302-1041,SCE_AVT_1302-1041-P1,19356-32A-025,1,8/03/2019 8:18:09 AM,8/03/2019 9:53:07 AM,5698,5690,9.629,6.302,6.092,$0.00,--,--,--,NA,NA
43451,SCE_AVT_1302,CRP-2016-0042,SCE_AVT_1302-1041,SCE_AVT_1302-1041-P1,19356-32A-025,1,8/04/2019 1:13:33 PM,8/04/2019 3:13:05 PM,7172,7168,9.837,6.389,4.94,$0.00,--,--,--,NA,NA
43466,SCE_AVT_1302,CRP-2016-0042,SCE_AVT_1302-1041,SCE_AVT_1302-1041-P1,19356-32A-025,1,8/04/2019 6:23:01 PM,8/04/2019 8:34:58 PM,7917,7909,13.679,6.384,6.226,$0.00,--,--,--,NA,NA
43588,SCE_AVT_1302,CRP-2016-0042,SCE_AVT_1302-1041,SCE_AVT_1302-1041-P1,19356-32A-025,1,8/05/2019 11:03:45 AM,8/05/2019 12:57:46 PM,6841,6833,11.242,6.537,5.923,$0.00,--,--,--,NA,NA
43648,SCE_AVT_1302,CRP-2016-0042,SCE_AVT_1302-1041,SCE_AVT_1302-1041-P1,19356-32A-025,1,8/05/2019 7:43:52 PM,8/05/2019 8:33:50 PM,2998,2990,2.677,3.28,3.223,$0.00,--,--,--,NA,NA
44008,SCE_AVT_1302,CRP-2016-0042,SCE_AVT_1302-1041,SCE_AVT_1302-1041-P1,19356-32A-025,1,8/07/2019 6:54:15 PM,8/07/2019 7:45:28 PM,3073,3066,5.348,6.423,6.279,$0.00,--,--,--,NA,NA
44317,SCE_AVT_1302,CRP-2016-0042,SCE_AVT_1302-1041,SCE_AVT_1302-1041-P1,19356-32A-025,1,8/09/2019 12:34:39 PM,8/09/2019 2:00:14 PM,5135,5131,8.959,6.414,6.286,$0.00,--,--,--,NA,NA
44421,SCE_AVT_1302,CRP-2016-0042,SCE_AVT_1302-1041,SCE_AVT_1302-1041-P1,19356-32A-025,1,8/10/2019 7:23:21 PM,8/10/2019 9:06:24 PM,6183,6175,10.82,6.444,6.308,$0.00,--,--,--,NA,NA
44423,SCE_AVT_1302,CRP-2016-0042,SCE_AVT_1302-1041,SCE_AVT_1302-1041-P1,19356-32A-025,1,8/11/2019 7:01:50 AM,8/11/2019 8:37:48 AM,5758,5750,10.072,6.483,6.306,$0.00,--,--,--,NA,NA
44445,SCE_AVT_1302,CRP-2016-0042,SCE_AVT_1302-1041,SCE_AVT_1302-1041-P1,19356-32A-025,1,8/11/2019 4:19:23 PM,8/11/2019 6:55:49 PM,9386,9378,16.313,6.408,6.262,$0.00,--,--,--,NA,NA
44662,SCE_AVT_1302,CRP-2016-0042,SCE_AVT_1302-1041,SCE_AVT_1302-1041-P1,19356-32A-025,1,8/12/2019 7:54:00 PM,8/12/2019 11:23:54 PM,12594,12586,9.431,3.371,2.698,$0.00,--,--,--,NA,NA
45210,SCE_AVT_1302,CRP-2016-0042,SCE_AVT_1302-1041,SCE_AVT_1302-1041-P1,19356-32A-025,1,8/15/2019 6:50:46 PM,8/15/2019 8:08:59 PM,4693,4686,8.15,6.44,6.261,$0.00,--,--,--,NA,NA
45393,SCE_AVT_1302,CRP-2016-0042,SCE_AVT_1302-1041,SCE_AVT_1302-1041-P1,19356-32A-025,1,8/16/2019 3:09:57 PM,8/16/2019 4:02:49 PM,3172,3164,5.434,6.333,6.183,$0.00,--,--,--,NA,NA
45412,SCE_AVT_1302,CRP-2016-0042,SCE_AVT_1302-1041,SCE_AVT_1302-1041-P1,19356-32A-025,1,8/16/2019 7:41:23 PM,8/16/2019 8:36:26 PM,3303,3295,5.666,6.336,6.19,$0.00,--,--,--,NA,NA
45430,SCE_AVT_1302,CRP-2016-0042,SCE_AVT_1302-1041,SCE_AVT_1302-1041-P1,19356-32A-025,1,8/17/2019 8:11:49 AM,8/17/2019 9:39:30 AM,5261,5253,9.177,6.41,6.289,$0.00,--,--,--,NA,NA
45442,SCE_AVT_1302,CRP-2016-0042,SCE_AVT_1302-1041,SCE_AVT_1302-1041-P1,19356-32A-025,1,8/17/2019 11:15:59 AM,8/17/2019 1:14:56 PM,7137,7129,4.327,6.47,2.185,$0.00,--,--,--,NA,NA
45463,SCE_AVT_1302,CRP-2016-0042,SCE_AVT_1302-1041,SCE_AVT_1302-1041-P1,19356-32A-025,1,8/17/2019 4:57:46 PM,8/17/2019 6:32:25 PM,5679,5671,3.832,6.194,2.433,$0.00,--,--,--,NA,NA
45481,SCE_AVT_1302,CRP-2016-0042,SCE_AVT_1302-1041,SCE_AVT_1302-1041-P1,19356-32A-025,1,8/18/2019 9:19:47 AM,8/18/2019 9:52:41 AM,1974,1967,1.205,2.316,2.205,$0.00,--,--,--,NA,NA
45488,SCE_AVT_1302,CRP-2016-0042,SCE_AVT_1302-1041,SCE_AVT_1302-1041-P1,19356-32A-025,1,8/18/2019 11:04:05 AM,8/18/2019 1:37:22 PM,9197,9190,15.877,6.379,6.219,$0.00,--,--,--,NA,NA
45505,SCE_AVT_1302,CRP-2016-0042,SCE_AVT_1302-1041,SCE_AVT_1302-1041-P1,19356-32A-025,1,8/18/2019 4:20:23 PM,8/18/2019 8:05:44 PM,13521,13513,23.848,6.519,6.353,$0.00,--,--,--,NA,NA
45684,SCE_AVT_1302,CRP-2016-0042,SCE_AVT_1302-1041,SCE_AVT_1302-1041-P1,19356-32A-025,1,8/19/2019 3:18:18 PM,8/19/2019 6:22:08 PM,11030,11022,5.944,3.275,1.941,$0.00,--,--,--,NA,NA
45889,SCE_AVT_1302,CRP-2016-0042,SCE_AVT_1302-1041,SCE_AVT_1302-1041-P1,19356-32A-025,1,8/20/2019 6:13:11 PM,8/20/2019 8:12:16 PM,7145,7137,12.63,6.507,6.371,$0.00,--,--,--,NA,NA
45900,SCE_AVT_1302,CRP-2016-0042,SCE_AVT_1302-1041,SCE_AVT_1302-1041-P1,19356-32A-025,1,8/20/2019 8:35:55 PM,8/20/2019 10:05:10 PM,5355,5348,8.557,5.869,5.76,$0.00,--,--,--,NA,NA
46290,SCE_AVT_1302,CRP-2016-0042,SCE_AVT_1302-1041,SCE_AVT_1302-1041-P1,19356-32A-025,1,8/22/2019 7:18:42 PM,8/22/2019 8:46:11 PM,5249,5245,8.799,6.252,6.039,$0.00,--,--,--,NA,NA
46298,SCE_AVT_1302,CRP-2016-0042,SCE_AVT_1302-1041,SCE_AVT_1302-1041-P1,19356-32A-025,1,8/22/2019 9:18:07 PM,8/22/2019 11:26:42 PM,7715,7707,13.573,6.515,6.34,$0.00,--,--,--,NA,NA
46480,SCE_AVT_1302,CRP-2016-0042,SCE_AVT_1302-1041,SCE_AVT_1302-1041-P1,19356-32A-025,1,8/23/2019 3:58:54 PM,8/23/2019 6:09:16 PM,7822,7818,6.128,3.278,2.822,$0.00,--,--,--,NA,NA
46514,SCE_AVT_1302,CRP-2016-0042,SCE_AVT_1302-1041,SCE_AVT_1302-1041-P1,19356-32A-025,1,8/24/2019 7:51:33 AM,8/24/2019 8:59:08 AM,4055,4051,6.973,6.336,6.197,$0.00,--,--,--,NA,NA
46527,SCE_AVT_1302,CRP-2016-0042,SCE_AVT_1302-1041,SCE_AVT_1302-1041-P1,19356-32A-025,1,8/24/2019 9:50:02 AM,8/24/2019 10:29:46 AM,2384,2377,4.106,6.376,6.219,$0.00,--,--,--,NA,NA
46535,SCE_AVT_1302,CRP-2016-0042,SCE_AVT_1302-1041,SCE_AVT_1302-1041-P1,19356-32A-025,1,8/24/2019 11:40:35 AM,8/24/2019 2:49:16 PM,11321,11314,19.447,6.429,6.188,$0.00,--,--,--,NA,NA
46552,SCE_AVT_1302,CRP-2016-0042,SCE_AVT_1302-1041,SCE_AVT_1302-1041-P1,19356-32A-025,1,8/24/2019 3:50:33 PM,8/24/2019 5:53:45 PM,7392,7385,11.722,5.856,5.714,$0.00,--,--,--,NA,NA
46561,SCE_AVT_1302,CRP-2016-0042,SCE_AVT_1302-1041,SCE_AVT_1302-1041-P1,19356-32A-025,1,8/24/2019 6:56:48 PM,8/24/2019 9:17:45 PM,8457,8449,4.932,3.204,2.101,$0.00,--,--,--,NA,NA
46562,SCE_AVT_1302,CRP-2016-0042,SCE_AVT_1302-1041,SCE_AVT_1302-1041-P1,19356-32A-025,1,8/25/2019 6:08:10 AM,8/25/2019 8:28:07 AM,8397,8390,14.719,6.484,6.316,$0.00,--,--,--,NA,NA
46578,SCE_AVT_1302,CRP-2016-0042,SCE_AVT_1302-1041,SCE_AVT_1302-1041-P1,19356-32A-025,1,8/25/2019 2:36:27 PM,8/25/2019 3:00:21 PM,1434,1426,2.464,6.426,6.22,$0.00,--,--,--,NA,NA
47153,SCE_AVT_1302,CRP-2016-0042,SCE_AVT_1302-1041,SCE_AVT_1302-1041-P1,19356-32A-025,1,8/28/2019 6:04:44 PM,8/28/2019 6:51:41 PM,2817,2814,4.823,6.309,6.17,$0.00,--,--,--,NA,NA
47324,SCE_AVT_1302,CRP-2016-0042,SCE_AVT_1302-1041,SCE_AVT_1302-1041-P1,19356-32A-025,1,8/29/2019 2:59:03 PM,8/29/2019 7:01:28 PM,14545,14537,4.988,3.28,1.235,$0.00,--,--,--,NA,NA
47350,SCE_AVT_1302,CRP-2016-0042,SCE_AVT_1302-1041,SCE_AVT_1302-1041-P1,19356-32A-025,1,8/29/2019 7:46:43 PM,8/29/2019 11:59:34 PM,15171,15168,26.712,6.52,6.34,$0.00,--,--,--,NA,NA
47537,SCE_AVT_1302,CRP-2016-0042,SCE_AVT_1302-1041,SCE_AVT_1302-1041-P1,19356-32A-025,1,8/30/2019 7:22:59 PM,8/30/2019 9:15:53 PM,6774,6767,11.638,6.391,6.191,$0.00,--,--,--,NA,NA
47554,SCE_AVT_1302,CRP-2016-0042,SCE_AVT_1302-1041,SCE_AVT_1302-1041-P1,19356-32A-025,1,8/31/2019 8:29:45 AM,8/31/2019 11:16:42 AM,10017,10009,8.726,3.344,3.139,$0.00,--,--,--,NA,NA
47566,SCE_AVT_1302,CRP-2016-0042,SCE_AVT_1302-1041,SCE_AVT_1302-1041-P1,19356-32A-025,1,8/31/2019 11:19:08 AM,8/31/2019 1:02:46 PM,6218,6210,10.911,6.446,6.325,$0.00,--,--,--,NA,NA
47589,SCE_AVT_1302,CRP-2016-0042,SCE_AVT_1302-1041,SCE_AVT_1302-1041-P1,19356-32A-025,1,8/31/2019 3:25:49 PM,8/31/2019 6:12:26 PM,9997,9989,7.018,3.345,2.529,$0.00,--,--,--,NA,NA
43145,SCE_AVT_1302,CRP-2016-0042,SCE_AVT_1302-1043,SCE_AVT_1302-1043-P1,19356-32A-025,1,8/01/2019 7:24:44 PM,8/01/2019 8:37:34 PM,4370,4362,7.715,6.471,6.367,$0.00,--,--,--,NA,NA
43319,SCE_AVT_1302,CRP-2016-0042,SCE_AVT_1302-1043,SCE_AVT_1302-1043-P1,19356-32A-025,1,8/02/2019 1:42:44 PM,8/02/2019 5:26:23 PM,13419,13411,11.756,3.241,3.156,$0.00,--,--,--,NA,NA
43400,SCE_AVT_1302,CRP-2016-0042,SCE_AVT_1302-1043,SCE_AVT_1302-1043-P1,19356-32A-025,1,8/03/2019 8:30:03 AM,8/03/2019 11:02:06 AM,9123,9115,8.282,3.432,3.271,$0.00,--,--,--,NA,NA
43413,SCE_AVT_1302,CRP-2016-0042,SCE_AVT_1302-1043,SCE_AVT_1302-1043-P1,19356-32A-025,1,8/03/2019 12:15:00 PM,8/03/2019 1:57:19 PM,6139,6131,11.002,6.63,6.46,$0.00,--,--,--,NA,NA
43424,SCE_AVT_1302,CRP-2016-0042,SCE_AVT_1302-1043,SCE_AVT_1302-1043-P1,19356-32A-025,1,8/03/2019 2:45:36 PM,8/03/2019 4:39:25 PM,6829,6821,12.124,6.534,6.399,$0.00,--,--,--,NA,NA
43441,SCE_AVT_1302,CRP-2016-0042,SCE_AVT_1302-1043,SCE_AVT_1302-1043-P1,19356-32A-025,1,8/04/2019 8:33:04 AM,8/04/2019 12:13:53 PM,13249,13241,23.635,6.559,6.426,$0.00,--,--,--,NA,NA
43467,SCE_AVT_1302,CRP-2016-0042,SCE_AVT_1302-1043,SCE_AVT_1302-1043-P1,19356-32A-025,1,8/04/2019 6:33:58 PM,8/04/2019 8:10:11 PM,5773,5765,10.278,6.599,6.418,$0.00,--,--,--,NA,NA
43650,SCE_AVT_1302,CRP-2016-0042,SCE_AVT_1302-1043,SCE_AVT_1302-1043-P1,19356-32A-025,1,8/05/2019 7:50:13 PM,8/05/2019 9:16:00 PM,5147,5139,9.162,6.566,6.418,$0.00,--,--,--,NA,NA
43809,SCE_AVT_1302,CRP-2016-0042,SCE_AVT_1302-1043,SCE_AVT_1302-1043-P1,19356-32A-025,1,8/06/2019 3:18:54 PM,8/06/2019 5:12:04 PM,6790,6782,12.029,6.574,6.385,$0.00,--,--,--,NA,NA
43830,SCE_AVT_1302,CRP-2016-0042,SCE_AVT_1302-1043,SCE_AVT_1302-1043-P1,19356-32A-025,1,8/06/2019 6:41:23 PM,8/06/2019 8:41:43 PM,7220,7212,12.887,6.585,6.433,$0.00,--,--,--,NA,NA
44007,SCE_AVT_1302,CRP-2016-0042,SCE_AVT_1302-1043,SCE_AVT_1302-1043-P1,19356-32A-025,1,8/07/2019 6:45:59 PM,8/07/2019 7:34:43 PM,2924,2916,4.766,6.093,5.884,$0.00,--,--,--,NA,NA
44182,SCE_AVT_1302,CRP-2016-0042,SCE_AVT_1302-1043,SCE_AVT_1302-1043-P1,19356-32A-025,1,8/09/2019 1:40:05 AM,8/09/2019 5:16:44 PM,56199,56191,11.457,6.314,0.734,$0.00,--,--,--,NA,NA
44371,SCE_AVT_1302,CRP-2016-0042,SCE_AVT_1302-1043,SCE_AVT_1302-1043-P1,19356-32A-025,1,8/09/2019 6:04:09 PM,8/09/2019 9:19:05 PM,11696,11688,15.783,6.397,4.861,$0.00,--,--,--,NA,NA
44389,SCE_AVT_1302,CRP-2016-0042,SCE_AVT_1302-1043,SCE_AVT_1302-1043-P1,19356-32A-025,1,8/10/2019 9:09:20 AM,8/10/2019 11:03:29 AM,6849,6841,12.139,6.532,6.388,$0.00,--,--,--,NA,NA
44412,SCE_AVT_1302,CRP-2016-0042,SCE_AVT_1302-1043,SCE_AVT_1302-1043-P1,19356-32A-025,1,8/10/2019 5:01:34 PM,8/10/2019 7:47:51 PM,9977,9970,6.097,3.256,2.202,$0.00,--,--,--,NA,NA
44663,SCE_AVT_1302,CRP-2016-0042,SCE_AVT_1302-1043,SCE_AVT_1302-1043-P1,19356-32A-025,1,8/12/2019 8:05:04 PM,8/12/2019 10:00:24 PM,6920,6912,6.415,3.405,3.341,$0.00,--,--,--,NA,NA
45034,SCE_AVT_1302,CRP-2016-0042,SCE_AVT_1302-1043,SCE_AVT_1302-1043-P1,19356-32A-025,1,8/14/2019 9:16:28 PM,8/14/2019 11:18:57 PM,7349,7341,13.257,6.642,6.501,$0.00,--,--,--,NA,NA
45211,SCE_AVT_1302,CRP-2016-0042,SCE_AVT_1302-1043,SCE_AVT_1302-1043-P1,19356-32A-025,1,8/15/2019 6:51:27 PM,8/15/2019 7:18:03 PM,1596,1588,1.355,3.259,3.072,$0.00,--,--,--,NA,NA
45343,SCE_AVT_1302,CRP-2016-0042,SCE_AVT_1302-1043,SCE_AVT_1302-1043-P1,19356-32A-025,1,8/16/2019 9:39:17 AM,8/16/2019 10:35:46 AM,3389,3381,3.503,3.797,3.73,$0.00,--,--,--,NA,NA
45406,SCE_AVT_1302,CRP-2016-0042,SCE_AVT_1302-1043,SCE_AVT_1302-1043-P1,19356-32A-025,1,8/16/2019 6:01:04 PM,8/16/2019 8:30:02 PM,8938,8930,13.323,6.034,5.371,$0.00,--,--,--,NA,NA
45432,SCE_AVT_1302,CRP-2016-0042,SCE_AVT_1302-1043,SCE_AVT_1302-1043-P1,19356-32A-025,1,8/17/2019 8:29:32 AM,8/17/2019 11:17:13 AM,10061,10053,7.986,3.426,2.86,$0.00,--,--,--,NA,NA
45469,SCE_AVT_1302,CRP-2016-0042,SCE_AVT_1302-1043,SCE_AVT_1302-1043-P1,19356-32A-025,1,8/17/2019 8:38:54 PM,8/17/2019 8:39:33 PM,39,31,0,0,0,$0.00,--,--,--,NA,NA
45470,SCE_AVT_1302,CRP-2016-0042,SCE_AVT_1302-1043,SCE_AVT_1302-1043-P1,19356-32A-025,1,8/17/2019 8:39:37 PM,8/17/2019 9:51:16 PM,4299,4291,7.089,6.124,5.947,$0.00,--,--,--,NA,NA
45479,SCE_AVT_1302,CRP-2016-0042,SCE_AVT_1302-1043,SCE_AVT_1302-1043-P1,19356-32A-025,1,8/18/2019 8:17:43 AM,8/18/2019 9:40:48 AM,4985,4977,8.759,6.455,6.336,$0.00,--,--,--,NA,NA
45483,SCE_AVT_1302,CRP-2016-0042,SCE_AVT_1302-1043,SCE_AVT_1302-1043-P1,19356-32A-025,1,8/18/2019 9:46:03 AM,8/18/2019 9:48:17 AM,134,126,0,0,0,$0.00,--,--,--,NA,NA
45493,SCE_AVT_1302,CRP-2016-0042,SCE_AVT_1302-1043,SCE_AVT_1302-1043-P1,19356-32A-025,1,8/18/2019 12:12:59 PM,8/18/2019 12:50:37 PM,2258,2251,2.076,3.37,3.32,$0.00,--,--,--,NA,NA
45501,SCE_AVT_1302,CRP-2016-0042,SCE_AVT_1302-1043,SCE_AVT_1302-1043-P1,19356-32A-025,1,8/18/2019 2:38:07 PM,8/18/2019 6:03:19 PM,12312,12303,10.89,3.282,3.187,$0.00,--,--,--,NA,NA
45511,SCE_AVT_1302,CRP-2016-0042,SCE_AVT_1302-1043,SCE_AVT_1302-1043-P1,19356-32A-025,1,8/18/2019 6:12:10 PM,8/18/2019 9:13:03 PM,10853,10845,4.949,3.27,1.643,$0.00,--,--,--,NA,NA
45892,SCE_AVT_1302,CRP-2016-0042,SCE_AVT_1302-1043,SCE_AVT_1302-1043-P1,19356-32A-025,1,8/20/2019 6:34:42 PM,8/20/2019 8:25:38 PM,6656,6648,8.288,6.067,4.488,$0.00,--,--,--,NA,NA
45903,SCE_AVT_1302,CRP-2016-0042,SCE_AVT_1302-1043,SCE_AVT_1302-1043-P1,19356-32A-025,1,8/20/2019 9:34:04 PM,8/20/2019 11:32:06 PM,7082,7074,12.771,6.653,6.499,$0.00,--,--,--,NA,NA
46280,SCE_AVT_1302,CRP-2016-0042,SCE_AVT_1302-1043,SCE_AVT_1302-1043-P1,19356-32A-025,1,8/22/2019 6:36:25 PM,8/22/2019 7:21:24 PM,2699,2695,4.527,6.217,6.047,$0.00,--,--,--,NA,NA
46293,SCE_AVT_1302,CRP-2016-0042,SCE_AVT_1302-1043,SCE_AVT_1302-1043-P1,19356-32A-025,1,8/22/2019 8:07:03 PM,8/22/2019 11:15:01 PM,11278,11270,0.143,2.57,0.046,$0.00,--,--,--,NA,NA
46303,SCE_AVT_1302,CRP-2016-0042,SCE_AVT_1302-1043,SCE_AVT_1302-1043-P1,19356-32A-025,1,8/23/2019 1:30:23 AM,8/23/2019 4:04:30 PM,52447,52439,5.114,6.33,0.351,$0.00,--,--,--,NA,NA
46486,SCE_AVT_1302,CRP-2016-0042,SCE_AVT_1302-1043,SCE_AVT_1302-1043-P1,19356-32A-025,1,8/23/2019 4:26:54 PM,8/23/2019 9:47:13 PM,19219,19211,34.3,6.582,6.428,$0.00,--,--,--,NA,NA
46515,SCE_AVT_1302,CRP-2016-0042,SCE_AVT_1302-1043,SCE_AVT_1302-1043-P1,19356-32A-025,1,8/24/2019 7:57:49 AM,8/24/2019 8:23:03 AM,1514,1506,2.694,6.626,6.44,$0.00,--,--,--,NA,NA
46521,SCE_AVT_1302,CRP-2016-0042,SCE_AVT_1302-1043,SCE_AVT_1302-1043-P1,19356-32A-025,1,8/24/2019 8:57:55 AM,8/24/2019 10:02:33 AM,3878,3870,6.407,6.122,5.96,$0.00,--,--,--,NA,NA
46529,SCE_AVT_1302,CRP-2016-0042,SCE_AVT_1302-1043,SCE_AVT_1302-1043-P1,19356-32A-025,1,8/24/2019 10:17:16 AM,8/24/2019 11:32:40 AM,4524,4517,7.323,5.989,5.836,$0.00,--,--,--,NA,NA
46534,SCE_AVT_1302,CRP-2016-0042,SCE_AVT_1302-1043,SCE_AVT_1302-1043-P1,19356-32A-025,1,8/24/2019 11:38:58 AM,8/24/2019 1:51:26 PM,7948,7940,13.629,6.334,6.179,$0.00,--,--,--,NA,NA
46563,SCE_AVT_1302,CRP-2016-0042,SCE_AVT_1302-1043,SCE_AVT_1302-1043-P1,19356-32A-025,1,8/25/2019 7:31:49 AM,8/25/2019 8:15:49 AM,2640,2636,4.66,6.504,6.364,$0.00,--,--,--,NA,NA
46584,SCE_AVT_1302,CRP-2016-0042,SCE_AVT_1302-1043,SCE_AVT_1302-1043-P1,19356-32A-025,1,8/25/2019 4:18:37 PM,8/25/2019 9:09:23 PM,17446,17438,20.063,6.653,4.142,$0.00,--,--,--,NA,NA
46975,SCE_AVT_1302,CRP-2016-0042,SCE_AVT_1302-1043,SCE_AVT_1302-1043-P1,19356-32A-025,1,8/27/2019 6:18:53 PM,8/27/2019 8:05:05 PM,6372,6368,4.057,3.4,2.294,$0.00,--,--,--,NA,NA
47041,SCE_AVT_1302,CRP-2016-0042,SCE_AVT_1302-1043,SCE_AVT_1302-1043-P1,19356-32A-025,1,8/28/2019 8:21:56 AM,8/28/2019 9:44:33 AM,4957,4954,8.233,6.159,5.983,$0.00,--,--,--,NA,NA
47092,SCE_AVT_1302,CRP-2016-0042,SCE_AVT_1302-1043,SCE_AVT_1302-1043-P1,19356-32A-025,1,8/28/2019 9:46:00 AM,8/28/2019 10:37:30 AM,3090,3082,5.079,6.143,5.933,$0.00,--,--,--,NA,NA
47150,SCE_AVT_1302,CRP-2016-0042,SCE_AVT_1302-1043,SCE_AVT_1302-1043-P1,19356-32A-025,1,8/28/2019 5:47:53 PM,8/28/2019 8:34:07 PM,9974,9966,16.54,6.589,5.975,$0.00,--,--,--,NA,NA
47351,SCE_AVT_1302,CRP-2016-0042,SCE_AVT_1302-1043,SCE_AVT_1302-1043-P1,19356-32A-025,1,8/29/2019 7:49:35 PM,8/29/2019 8:11:16 PM,1301,1297,1.187,3.358,3.295,$0.00,--,--,--,NA,NA
47356,SCE_AVT_1302,CRP-2016-0042,SCE_AVT_1302-1043,SCE_AVT_1302-1043-P1,19356-32A-025,1,8/30/2019 1:31:50 AM,8/30/2019 4:30:55 PM,53945,53937,13.819,6.265,0.922,$0.00,--,--,--,NA,NA
47526,SCE_AVT_1302,CRP-2016-0042,SCE_AVT_1302-1043,SCE_AVT_1302-1043-P1,19356-32A-025,1,8/30/2019 4:53:03 PM,8/30/2019 6:26:50 PM,5627,5619,5.076,3.366,3.252,$0.00,--,--,--,NA,NA
47536,SCE_AVT_1302,CRP-2016-0042,SCE_AVT_1302-1043,SCE_AVT_1302-1043-P1,19356-32A-025,1,8/30/2019 7:15:38 PM,8/30/2019 8:30:54 PM,4516,4508,2.402,3.312,1.918,$0.00,--,--,--,NA,NA
47540,SCE_AVT_1302,CRP-2016-0042,SCE_AVT_1302-1043,SCE_AVT_1302-1043-P1,19356-32A-025,1,8/30/2019 8:54:53 PM,8/30/2019 11:01:34 PM,7601,7593,13.544,6.622,6.421,$0.00,--,--,--,NA,NA
47562,SCE_AVT_1302,CRP-2016-0042,SCE_AVT_1302-1043,SCE_AVT_1302-1043-P1,19356-32A-025,1,8/31/2019 10:29:02 AM,8/31/2019 12:18:07 PM,6545,6537,10.939,6.474,6.024,$0.00,--,--,--,NA,NA
47595,SCE_AVT_1302,CRP-2016-0042,SCE_AVT_1302-1043,SCE_AVT_1302-1043-P1,19356-32A-025,1,8/31/2019 5:44:17 PM,8/31/2019 9:41:58 PM,14261,14253,25.631,6.613,6.474,$0.00,--,--,--,NA,NA
42951,SCE_AVT_1302,CRP-2016-0042,SCE_AVT_1302-1044,SCE_AVT_1302-1044-P1,19356-32A-025,1,7/31/2019 11:25:10 PM,8/01/2019 6:02:55 AM,23865,23857,12.255,6.107,1.849,$0.00,--,--,--,NA,NA
43137,SCE_AVT_1302,CRP-2016-0042,SCE_AVT_1302-1044,SCE_AVT_1302-1044-P1,19356-32A-025,1,8/01/2019 6:26:51 PM,8/01/2019 8:05:42 PM,5931,5923,10.583,6.577,6.432,$0.00,--,--,--,NA,NA
43150,SCE_AVT_1302,CRP-2016-0042,SCE_AVT_1302-1044,SCE_AVT_1302-1044-P1,19356-32A-025,1,8/01/2019 8:06:29 PM,8/01/2019 9:24:07 PM,4658,4650,8.322,6.561,6.443,$0.00,--,--,--,NA,NA
43192,SCE_AVT_1302,CRP-2016-0042,SCE_AVT_1302-1044,SCE_AVT_1302-1044-P1,19356-32A-025,1,8/02/2019 7:43:08 AM,8/02/2019 7:44:50 AM,102,94,0.084,3.81,3.217,$0.00,--,--,--,NA,NA
43196,SCE_AVT_1302,CRP-2016-0042,SCE_AVT_1302-1044,SCE_AVT_1302-1044-P1,19356-32A-025,1,8/02/2019 7:46:13 AM,8/02/2019 8:58:39 AM,4346,4339,4.53,3.822,3.758,$0.00,--,--,--,NA,NA
43386,SCE_AVT_1302,CRP-2016-0042,SCE_AVT_1302-1044,SCE_AVT_1302-1044-P1,19356-32A-025,1,8/03/2019 1:38:25 AM,8/03/2019 5:07:22 PM,55737,55729,19.061,6.113,1.231,$0.00,--,--,--,NA,NA
43433,SCE_AVT_1302,CRP-2016-0042,SCE_AVT_1302-1044,SCE_AVT_1302-1044-P1,19356-32A-025,1,8/03/2019 7:41:39 PM,8/03/2019 9:38:41 PM,7022,7014,11.424,6.069,5.863,$0.00,--,--,--,NA,NA
43437,SCE_AVT_1302,CRP-2016-0042,SCE_AVT_1302-1044,SCE_AVT_1302-1044-P1,19356-32A-025,1,8/04/2019 1:39:32 AM,8/04/2019 4:22:18 PM,52966,52959,14.357,6.14,0.976,$0.00,--,--,--,NA,NA
43463,SCE_AVT_1302,CRP-2016-0042,SCE_AVT_1302-1044,SCE_AVT_1302-1044-P1,19356-32A-025,1,8/04/2019 4:48:31 PM,8/04/2019 7:45:47 PM,10636,10628,19.112,6.664,6.474,$0.00,--,--,--,NA,NA
43472,SCE_AVT_1302,CRP-2016-0042,SCE_AVT_1302-1044,SCE_AVT_1302-1044-P1,19356-32A-025,1,8/04/2019 7:56:25 PM,8/04/2019 9:29:25 PM,5580,5572,9.924,6.602,6.412,$0.00,--,--,--,NA,NA
43642,SCE_AVT_1302,CRP-2016-0042,SCE_AVT_1302-1044,SCE_AVT_1302-1044-P1,19356-32A-025,1,8/05/2019 5:45:55 PM,8/05/2019 7:07:09 PM,4874,4866,8.643,6.569,6.394,$0.00,--,--,--,NA,NA
43825,SCE_AVT_1302,CRP-2016-0042,SCE_AVT_1302-1044,SCE_AVT_1302-1044-P1,19356-32A-025,1,8/06/2019 6:25:07 PM,8/06/2019 8:34:06 PM,7739,7731,13.096,6.618,6.098,$0.00,--,--,--,NA,NA
43987,SCE_AVT_1302,CRP-2016-0042,SCE_AVT_1302-1044,SCE_AVT_1302-1044-P1,19356-32A-025,1,8/07/2019 3:29:21 PM,8/07/2019 6:23:52 PM,10471,10463,5.982,3.326,2.058,$0.00,--,--,--,NA,NA
44005,SCE_AVT_1302,CRP-2016-0042,SCE_AVT_1302-1044,SCE_AVT_1302-1044-P1,19356-32A-025,1,8/07/2019 6:44:37 PM,8/07/2019 7:11:45 PM,1628,1620,1.506,3.417,3.347,$0.00,--,--,--,NA,NA
44179,SCE_AVT_1302,CRP-2016-0042,SCE_AVT_1302-1044,SCE_AVT_1302-1044-P1,19356-32A-025,1,8/08/2019 7:54:26 PM,8/08/2019 11:33:20 PM,13134,13126,22.331,6.638,6.125,$0.00,--,--,--,NA,NA
44373,SCE_AVT_1302,CRP-2016-0042,SCE_AVT_1302-1044,SCE_AVT_1302-1044-P1,19356-32A-025,1,8/09/2019 6:46:23 PM,8/09/2019 8:44:44 PM,7101,7093,12.682,6.568,6.437,$0.00,--,--,--,NA,NA
44392,SCE_AVT_1302,CRP-2016-0042,SCE_AVT_1302-1044,SCE_AVT_1302-1044-P1,19356-32A-025,1,8/10/2019 9:55:42 AM,8/10/2019 11:58:54 AM,7392,7384,13.083,6.547,6.378,$0.00,--,--,--,NA,NA
44408,SCE_AVT_1302,CRP-2016-0042,SCE_AVT_1302-1044,SCE_AVT_1302-1044-P1,19356-32A-025,1,8/10/2019 2:16:06 PM,8/10/2019 4:51:50 PM,9344,9336,15.08,6.614,5.815,$0.00,--,--,--,NA,NA
44414,SCE_AVT_1302,CRP-2016-0042,SCE_AVT_1302-1044,SCE_AVT_1302-1044-P1,19356-32A-025,1,8/10/2019 5:34:12 PM,8/10/2019 10:43:40 PM,18568,18560,32.87,6.582,6.376,$0.00,--,--,--,NA,NA
44449,SCE_AVT_1302,CRP-2016-0042,SCE_AVT_1302-1044,SCE_AVT_1302-1044-P1,19356-32A-025,1,8/11/2019 5:56:31 PM,8/11/2019 7:46:36 PM,6605,6597,10.611,5.962,5.79,$0.00,--,--,--,NA,NA
44657,SCE_AVT_1302,CRP-2016-0042,SCE_AVT_1302-1044,SCE_AVT_1302-1044-P1,19356-32A-025,1,8/12/2019 7:16:23 PM,8/13/2019 5:52:17 AM,38154,38146,51.013,6.66,4.814,$0.00,--,--,--,NA,NA
44980,SCE_AVT_1302,CRP-2016-0042,SCE_AVT_1302-1044,SCE_AVT_1302-1044-P1,19356-32A-025,1,8/14/2019 12:10:50 PM,8/14/2019 5:01:12 PM,17422,17414,31.082,6.578,6.426,$0.00,--,--,--,NA,NA
45024,SCE_AVT_1302,CRP-2016-0042,SCE_AVT_1302-1044,SCE_AVT_1302-1044-P1,19356-32A-025,1,8/14/2019 6:25:40 PM,8/14/2019 7:43:10 PM,4650,4642,8.297,6.587,6.435,$0.00,--,--,--,NA,NA
45035,SCE_AVT_1302,CRP-2016-0042,SCE_AVT_1302-1044,SCE_AVT_1302-1044-P1,19356-32A-025,1,8/14/2019 9:52:49 PM,8/15/2019 6:43:10 AM,31821,31813,8.574,6.072,0.97,$0.00,--,--,--,NA,NA
45209,SCE_AVT_1302,CRP-2016-0042,SCE_AVT_1302-1044,SCE_AVT_1302-1044-P1,19356-32A-025,1,8/15/2019 6:42:48 PM,8/15/2019 8:16:28 PM,5620,5612,8.967,5.986,5.752,$0.00,--,--,--,NA,NA
45218,SCE_AVT_1302,CRP-2016-0042,SCE_AVT_1302-1044,SCE_AVT_1302-1044-P1,19356-32A-025,1,8/15/2019 9:10:23 PM,8/15/2019 11:15:06 PM,7483,7475,13.467,6.637,6.486,$0.00,--,--,--,NA,NA
45219,SCE_AVT_1302,CRP-2016-0042,SCE_AVT_1302-1044,SCE_AVT_1302-1044-P1,19356-32A-025,1,8/16/2019 1:30:16 AM,8/16/2019 4:12:47 PM,52951,52943,5.977,6.243,0.406,$0.00,--,--,--,NA,NA
45411,SCE_AVT_1302,CRP-2016-0042,SCE_AVT_1302-1044,SCE_AVT_1302-1044-P1,19356-32A-025,1,8/16/2019 7:10:07 PM,8/16/2019 9:19:50 PM,7783,7775,14.02,6.675,6.492,$0.00,--,--,--,NA,NA
45438,SCE_AVT_1302,CRP-2016-0042,SCE_AVT_1302-1044,SCE_AVT_1302-1044-P1,19356-32A-025,1,8/17/2019 10:32:07 AM,8/17/2019 12:36:54 PM,7487,7479,13.3,6.577,6.402,$0.00,--,--,--,NA,NA
45449,SCE_AVT_1302,CRP-2016-0042,SCE_AVT_1302-1044,SCE_AVT_1302-1044-P1,19356-32A-025,1,8/17/2019 12:37:57 PM,8/17/2019 2:31:03 PM,6786,6778,12.086,6.539,6.419,$0.00,--,--,--,NA,NA
45458,SCE_AVT_1302,CRP-2016-0042,SCE_AVT_1302-1044,SCE_AVT_1302-1044-P1,19356-32A-025,1,8/17/2019 3:22:13 PM,8/17/2019 4:30:39 PM,4106,4098,4.138,3.673,3.635,$0.00,--,--,--,NA,NA
45475,SCE_AVT_1302,CRP-2016-0042,SCE_AVT_1302-1044,SCE_AVT_1302-1044-P1,19356-32A-025,1,8/18/2019 7:40:41 AM,8/18/2019 7:50:20 AM,579,571,0.998,6.587,6.292,$0.00,--,--,--,NA,NA
45476,SCE_AVT_1302,CRP-2016-0042,SCE_AVT_1302-1044,SCE_AVT_1302-1044-P1,19356-32A-025,1,8/18/2019 7:52:23 AM,8/18/2019 9:48:18 AM,6955,6948,12.473,6.604,6.463,$0.00,--,--,--,NA,NA
45484,SCE_AVT_1302,CRP-2016-0042,SCE_AVT_1302-1044,SCE_AVT_1302-1044-P1,19356-32A-025,1,8/18/2019 9:49:33 AM,8/18/2019 11:19:04 AM,5371,5363,9.536,6.552,6.401,$0.00,--,--,--,NA,NA
45495,SCE_AVT_1302,CRP-2016-0042,SCE_AVT_1302-1044,SCE_AVT_1302-1044-P1,19356-32A-025,1,8/18/2019 12:30:12 PM,8/18/2019 2:17:47 PM,6455,6447,4.252,3.222,2.374,$0.00,--,--,--,NA,NA
45504,SCE_AVT_1302,CRP-2016-0042,SCE_AVT_1302-1044,SCE_AVT_1302-1044-P1,19356-32A-025,1,8/18/2019 3:55:58 PM,8/18/2019 6:10:25 PM,8067,8059,14.139,6.476,6.316,$0.00,--,--,--,NA,NA
45513,SCE_AVT_1302,CRP-2016-0042,SCE_AVT_1302-1044,SCE_AVT_1302-1044-P1,19356-32A-025,1,8/18/2019 6:23:41 PM,8/18/2019 8:10:32 PM,6411,6403,2.618,3.362,1.472,$0.00,--,--,--,NA,NA
45516,SCE_AVT_1302,CRP-2016-0042,SCE_AVT_1302-1044,SCE_AVT_1302-1044-P1,19356-32A-025,1,8/18/2019 8:30:26 PM,8/19/2019 7:11:27 AM,38461,38453,9.556,6.022,0.895,$0.00,--,--,--,NA,NA
45680,SCE_AVT_1302,CRP-2016-0042,SCE_AVT_1302-1044,SCE_AVT_1302-1044-P1,19356-32A-025,1,8/19/2019 2:32:01 PM,8/19/2019 4:11:43 PM,5982,5974,9.972,6.143,6.009,$0.00,--,--,--,NA,NA
45705,SCE_AVT_1302,CRP-2016-0042,SCE_AVT_1302-1044,SCE_AVT_1302-1044-P1,19356-32A-025,1,8/19/2019 6:44:57 PM,8/19/2019 8:02:43 PM,4666,4658,8.302,6.562,6.416,$0.00,--,--,--,NA,NA
45709,SCE_AVT_1302,CRP-2016-0042,SCE_AVT_1302-1044,SCE_AVT_1302-1044-P1,19356-32A-025,1,8/19/2019 8:03:58 PM,8/19/2019 9:57:51 PM,6833,6825,12.289,6.628,6.482,$0.00,--,--,--,NA,NA
45893,SCE_AVT_1302,CRP-2016-0042,SCE_AVT_1302-1044,SCE_AVT_1302-1044-P1,19356-32A-025,1,8/20/2019 6:38:46 PM,8/20/2019 8:50:31 PM,7905,7897,13.81,6.69,6.296,$0.00,--,--,--,NA,NA
45964,SCE_AVT_1302,CRP-2016-0042,SCE_AVT_1302-1044,SCE_AVT_1302-1044-P1,19356-32A-025,1,8/21/2019 8:32:10 AM,8/21/2019 10:04:50 AM,5560,5552,10.027,6.66,6.502,$0.00,--,--,--,NA,NA
46137,SCE_AVT_1302,CRP-2016-0042,SCE_AVT_1302-1044,SCE_AVT_1302-1044-P1,19356-32A-025,1,8/22/2019 9:26:28 AM,8/22/2019 2:55:04 PM,19716,19712,9.272,6.734,1.693,$0.00,--,--,--,NA,NA
46264,SCE_AVT_1302,CRP-2016-0042,SCE_AVT_1302-1044,SCE_AVT_1302-1044-P1,19356-32A-025,1,8/22/2019 3:29:09 PM,8/22/2019 8:06:46 PM,16657,16649,14.963,6.044,3.235,$0.00,--,--,--,NA,NA
46294,SCE_AVT_1302,CRP-2016-0042,SCE_AVT_1302-1044,SCE_AVT_1302-1044-P1,19356-32A-025,1,8/22/2019 8:07:26 PM,8/22/2019 11:14:48 PM,11242,11235,20.514,6.733,6.573,$0.00,--,--,--,NA,NA
46300,SCE_AVT_1302,CRP-2016-0042,SCE_AVT_1302-1044,SCE_AVT_1302-1044-P1,19356-32A-025,1,8/22/2019 11:15:08 PM,8/26/2019 6:11:43 AM,284195,284187,0.101,1.86,0.001,$0.00,--,--,--,NA,NA
46773,SCE_AVT_1302,CRP-2016-0042,SCE_AVT_1302-1044,SCE_AVT_1302-1044-P1,19356-32A-025,1,8/26/2019 6:43:20 PM,8/26/2019 8:32:10 PM,6530,6526,5.947,3.385,3.281,$0.00,--,--,--,NA,NA
47091,SCE_AVT_1302,CRP-2016-0042,SCE_AVT_1302-1044,SCE_AVT_1302-1044-P1,19356-32A-025,1,8/28/2019 9:39:03 AM,8/28/2019 6:27:10 PM,31687,31680,34.973,6.731,3.974,$0.00,--,--,--,NA,NA
47156,SCE_AVT_1302,CRP-2016-0042,SCE_AVT_1302-1044,SCE_AVT_1302-1044-P1,19356-32A-025,1,8/28/2019 6:48:59 PM,8/28/2019 8:37:25 PM,6506,6498,4.542,3.323,2.516,$0.00,--,--,--,NA,NA
47343,SCE_AVT_1302,CRP-2016-0042,SCE_AVT_1302-1044,SCE_AVT_1302-1044-P1,19356-32A-025,1,8/29/2019 6:37:33 PM,8/29/2019 9:07:10 PM,8977,8969,6.951,3.357,2.79,$0.00,--,--,--,NA,NA
47548,SCE_AVT_1302,CRP-2016-0042,SCE_AVT_1302-1044,SCE_AVT_1302-1044-P1,19356-32A-025,1,8/31/2019 7:39:50 AM,8/31/2019 10:28:22 AM,10112,10108,17.862,6.521,6.362,$0.00,--,--,--,NA,NA
47573,SCE_AVT_1302,CRP-2016-0042,SCE_AVT_1302-1044,SCE_AVT_1302-1044-P1,19356-32A-025,1,8/31/2019 11:59:08 AM,8/31/2019 1:03:22 PM,3854,3846,6.598,6.3,6.176,$0.00,--,--,--,NA,NA
47601,SCE_AVT_1302,CRP-2016-0042,SCE_AVT_1302-1044,SCE_AVT_1302-1044-P1,19356-32A-025,1,8/31/2019 7:09:16 PM,8/31/2019 9:34:48 PM,8732,8724,15.677,6.6,6.469,$0.00,--,--,--,NA,NA
